{
  "config": {
    "alpha": 0.5,
    "top_k_retrieve": 10,
    "top_k_rerank": 10,
    "ks": [
      1,
      3,
      5
    ],
    "ontology_source": "model",
    "num_beams": 4,
    "m3": "BAAI/bge-m3",
    "reranker": "BAAI/bge-reranker-v2-m3",
    "versions": {
      "torch": "2.12.1+cu130",
      "transformers": "5.12.1",
      "FlagEmbedding": "1.4.0",
      "scikit-learn": "1.9.0",
      "ctranslate2": "4.8.0"
    },
    "aggregation": {
      "ontology": "micro (Σinter/Σpred, Σinter/Σgold)",
      "flat": "query-mean (trung bình recall@k/precision@k/full@k theo câu)"
    },
    "metric_note": "So 'đúng-toàn-bộ' apples-to-apples = ontology exact_set vs flat full@k; full@3 BẤT LỢI cơ học khi |gold|>3 → đọc kèm full@5 + recall@k. Trục phân loại = NHÓM NĂNG LỰC (groups.py)."
  },
  "per_type": {
    "lookup": {
      "label": "Tra cứu trực tiếp",
      "n": 447,
      "ontology": {
        "precision": 0.9372197309417041,
        "recall": 0.9351230425055929,
        "f1": 0.9361702127659575,
        "exact_set": 0.9351230425055929
      },
      "flat": {
        "recall@1": 0.9664429530201343,
        "precision@1": 0.9664429530201343,
        "full@1": 0.9664429530201343,
        "recall@3": 0.9977628635346756,
        "precision@3": 0.3325876211782249,
        "full@3": 0.9977628635346756,
        "recall@5": 0.9977628635346756,
        "precision@5": 0.19955257270693674,
        "full@5": 0.9977628635346756
      }
    },
    "forward": {
      "label": "Đi một quan hệ",
      "n": 834,
      "ontology": {
        "precision": 0.974145891043398,
        "recall": 0.8994032395566922,
        "f1": 0.9352836879432623,
        "exact_set": 0.9568345323741008
      },
      "flat": {
        "recall@1": 0.10587529976019186,
        "precision@1": 0.1091127098321343,
        "full@1": 0.10551558752997602,
        "recall@3": 0.42571942446043154,
        "precision@3": 0.17026378896882474,
        "full@3": 0.40047961630695444,
        "recall@5": 0.5705635491606714,
        "precision@5": 0.14220623501199153,
        "full@5": 0.5383693045563549
      }
    },
    "multihop": {
      "label": "Đi nhiều bước",
      "n": 308,
      "ontology": {
        "precision": 1.0,
        "recall": 0.9968051118210862,
        "f1": 0.9984,
        "exact_set": 0.9967532467532467
      },
      "flat": {
        "recall@1": 0.18831168831168832,
        "precision@1": 0.19155844155844157,
        "full@1": 0.18506493506493507,
        "recall@3": 0.7207792207792207,
        "precision@3": 0.24350649350649356,
        "full@3": 0.7175324675324676,
        "recall@5": 0.913961038961039,
        "precision@5": 0.18571428571428655,
        "full@5": 0.9123376623376623
      }
    },
    "multifield": {
      "label": "Nhiều thuộc tính",
      "n": 187,
      "ontology": {
        "precision": 1.0,
        "recall": 0.978021978021978,
        "f1": 0.9888888888888888,
        "exact_set": 0.9679144385026738
      },
      "flat": {
        "recall@1": 0.47504456327985745,
        "precision@1": 0.4919786096256685,
        "full@1": 0.46524064171123,
        "recall@3": 0.6368983957219253,
        "precision@3": 0.2566844919786099,
        "full@3": 0.5668449197860963,
        "recall@5": 0.7039215686274513,
        "precision@5": 0.1893048128342242,
        "full@5": 0.6042780748663101
      }
    },
    "filter": {
      "label": "Lọc theo ràng buộc",
      "n": 225,
      "ontology": {
        "precision": 0.9872611464968153,
        "recall": 0.9748427672955975,
        "f1": 0.9810126582278481,
        "exact_set": 0.9688888888888889
      },
      "flat": {
        "recall@1": 0.8012592592592591,
        "precision@1": 0.9333333333333333,
        "full@1": 0.72,
        "recall@3": 0.9334074074074074,
        "precision@3": 0.42666666666666536,
        "full@3": 0.8977777777777778,
        "recall@5": 0.9511111111111111,
        "precision@5": 0.2720000000000012,
        "full@5": 0.9511111111111111
      }
    }
  },
  "data_tier": {
    "lookup": {
      "label": "Tra cứu trực tiếp",
      "data_n": 199,
      "ontology_field_hit": 0.949748743718593,
      "ontology_value_exact": 0.949748743718593,
      "flat": "N/A"
    },
    "multihop": {
      "label": "Đi nhiều bước",
      "data_n": 308,
      "ontology_field_hit": 0.9837662337662337,
      "ontology_value_exact": 0.9805194805194806,
      "flat": "N/A"
    },
    "multifield": {
      "label": "Nhiều thuộc tính",
      "data_n": 112,
      "ontology_field_hit": 0.875,
      "ontology_value_exact": 0.875,
      "flat": "N/A"
    },
    "filter": {
      "label": "Lọc theo ràng buộc",
      "data_n": 51,
      "ontology_field_hit": 0.9803921568627451,
      "ontology_value_exact": 0.9803921568627451,
      "flat": "N/A"
    }
  },
  "overall": {
    "ontology": {
      "precision": 0.97610513739546,
      "recall": 0.9372848948374761,
      "f1": 0.9563012095200937,
      "exact_set": 0.960519740129935
    },
    "flat": {
      "recall@1": 0.4234965850408129,
      "precision@1": 0.44177911044477763,
      "full@1": 0.4127936031984008,
      "recall@3": 0.6757454606030318,
      "precision@3": 0.2547059803431615,
      "full@3": 0.6541729135432284,
      "recall@5": 0.774104614359487,
      "precision@5": 0.18070964517741236,
      "full@5": 0.7511244377811095
    }
  }
}