{
  "config": {
    "alpha": 0.5,
    "top_k_retrieve": 10,
    "top_k_rerank": 10,
    "ks": [
      1,
      3,
      5
    ],
    "ontology_source": "model",
    "num_beams": 4,
    "m3": "BAAI/bge-m3",
    "reranker": "BAAI/bge-reranker-v2-m3",
    "versions": {
      "torch": "2.12.1+cu130",
      "transformers": "5.12.1",
      "FlagEmbedding": "1.4.0",
      "scikit-learn": "1.9.0",
      "ctranslate2": "4.8.0"
    },
    "aggregation": {
      "ontology": "micro (Σinter/Σpred, Σinter/Σgold)",
      "flat": "query-mean (trung bình recall@k/precision@k/full@k theo câu)"
    },
    "metric_note": "So 'đúng-toàn-bộ' apples-to-apples = ontology exact_set vs flat full@k; full@3 BẤT LỢI cơ học khi |gold|>3 → đọc kèm full@5 + recall@k. Trục phân loại = NHÓM NĂNG LỰC (groups.py)."
  },
  "per_type": {
    "lookup": {
      "label": "Tra cứu trực tiếp",
      "n": 444,
      "ontology": {
        "precision": 0.981859410430839,
        "recall": 0.9752252252252253,
        "f1": 0.9785310734463276,
        "exact_set": 0.9752252252252253
      },
      "flat": {
        "recall@1": 0.9842342342342343,
        "precision@1": 0.9842342342342343,
        "full@1": 0.9842342342342343,
        "recall@3": 0.9977477477477478,
        "precision@3": 0.33258258258258216,
        "full@3": 0.9977477477477478,
        "recall@5": 0.9977477477477478,
        "precision@5": 0.19954954954955118,
        "full@5": 0.9977477477477478
      }
    },
    "forward": {
      "label": "Đi một quan hệ",
      "n": 642,
      "ontology": {
        "precision": 0.9827981651376146,
        "recall": 0.924487594390507,
        "f1": 0.952751528627015,
        "exact_set": 0.9704049844236761
      },
      "flat": {
        "recall@1": 0.11105919003115267,
        "precision@1": 0.11526479750778816,
        "full@1": 0.11059190031152648,
        "recall@3": 0.4433021806853581,
        "precision@3": 0.18120456905503582,
        "full@3": 0.4143302180685358,
        "recall@5": 0.5956386292834891,
        "precision@5": 0.15264797507788258,
        "full@5": 0.559190031152648
      }
    },
    "multihop": {
      "label": "Đi nhiều bước",
      "n": 308,
      "ontology": {
        "precision": 1.0,
        "recall": 1.0,
        "f1": 1.0,
        "exact_set": 1.0
      },
      "flat": {
        "recall@1": 0.18831168831168832,
        "precision@1": 0.19155844155844157,
        "full@1": 0.18506493506493507,
        "recall@3": 0.7207792207792207,
        "precision@3": 0.24350649350649356,
        "full@3": 0.7175324675324676,
        "recall@5": 0.913961038961039,
        "precision@5": 0.18571428571428655,
        "full@5": 0.9123376623376623
      }
    },
    "multifield": {
      "label": "Nhiều thuộc tính",
      "n": 134,
      "ontology": {
        "precision": 1.0,
        "recall": 0.9579288025889967,
        "f1": 0.9785123966942149,
        "exact_set": 0.9552238805970149
      },
      "flat": {
        "recall@1": 0.4950248756218905,
        "precision@1": 0.5447761194029851,
        "full@1": 0.4552238805970149,
        "recall@3": 0.5601990049751248,
        "precision@3": 0.25621890547263676,
        "full@3": 0.4626865671641791,
        "recall@5": 0.622388059701493,
        "precision@5": 0.2014925373134325,
        "full@5": 0.47761194029850745
      }
    },
    "filter": {
      "label": "Lọc theo ràng buộc",
      "n": 225,
      "ontology": {
        "precision": 0.9810725552050473,
        "recall": 0.9779874213836478,
        "f1": 0.9795275590551181,
        "exact_set": 0.9688888888888889
      },
      "flat": {
        "recall@1": 0.8012592592592591,
        "precision@1": 0.9333333333333333,
        "full@1": 0.72,
        "recall@3": 0.9334074074074074,
        "precision@3": 0.42666666666666536,
        "full@3": 0.8977777777777778,
        "recall@5": 0.9511111111111111,
        "precision@5": 0.2720000000000012,
        "full@5": 0.9511111111111111
      }
    }
  },
  "data_tier": {
    "lookup": {
      "label": "Tra cứu trực tiếp",
      "data_n": 199,
      "ontology_field_hit": 0.9597989949748744,
      "ontology_value_exact": 0.9597989949748744,
      "flat": "N/A"
    },
    "multihop": {
      "label": "Đi nhiều bước",
      "data_n": 308,
      "ontology_field_hit": 0.987012987012987,
      "ontology_value_exact": 0.987012987012987,
      "flat": "N/A"
    },
    "multifield": {
      "label": "Nhiều thuộc tính",
      "data_n": 61,
      "ontology_field_hit": 0.8688524590163934,
      "ontology_value_exact": 0.8688524590163934,
      "flat": "N/A"
    },
    "filter": {
      "label": "Lọc theo ràng buộc",
      "data_n": 51,
      "ontology_field_hit": 0.9803921568627451,
      "ontology_value_exact": 0.9803921568627451,
      "flat": "N/A"
    }
  },
  "overall": {
    "ontology": {
      "precision": 0.9870477891916034,
      "recall": 0.9562959757680658,
      "f1": 0.9714285714285715,
      "exact_set": 0.975470621791215
    },
    "flat": {
      "recall@1": 0.46372884578817264,
      "precision@1": 0.48659440958357103,
      "full@1": 0.4495151169423845,
      "recall@3": 0.7043259174748051,
      "precision@3": 0.2677315078912336,
      "full@3": 0.6811180832857958,
      "recall@5": 0.8010838562464346,
      "precision@5": 0.18938961779806152,
      "full@5": 0.7763833428408443
    }
  }
}