{
  "config": {
    "alpha": 0.5,
    "top_k_retrieve": 10,
    "top_k_rerank": 10,
    "ks": [
      1,
      3,
      5
    ],
    "ontology_source": "model",
    "num_beams": 4,
    "m3": "BAAI/bge-m3",
    "reranker": "BAAI/bge-reranker-v2-m3",
    "versions": {
      "torch": "2.12.1+cu130",
      "transformers": "5.12.1",
      "FlagEmbedding": "1.4.0",
      "scikit-learn": "1.9.0",
      "ctranslate2": "4.8.0"
    },
    "aggregation": {
      "ontology": "micro (Σinter/Σpred, Σinter/Σgold)",
      "flat": "query-mean (trung bình recall@k/precision@k/full@k theo câu)"
    },
    "metric_note": "Trục phân loại = NHÓM NĂNG LỰC (groups.py); báo cáo re-gom từ details per-query (tất định, không chạy lại BGE)."
  },
  "per_type": {
    "lookup": {
      "label": "Tra cứu trực tiếp",
      "n": 346,
      "ontology": {
        "precision": 1.0,
        "recall": 0.976878612716763,
        "f1": 0.9883040935672515,
        "exact_set": 0.976878612716763
      },
      "flat": {
        "recall@1": 0.9797687861271677,
        "precision@1": 0.9797687861271677,
        "full@1": 0.9797687861271677,
        "recall@3": 0.9971098265895953,
        "precision@3": 0.3323699421965302,
        "full@3": 0.9971098265895953,
        "recall@5": 0.9971098265895953,
        "precision@5": 0.19942196531792034,
        "full@5": 0.9971098265895953
      }
    },
    "forward": {
      "label": "Đi một quan hệ",
      "n": 334,
      "ontology": {
        "precision": 0.9632034632034632,
        "recall": 0.8953722334004024,
        "f1": 0.9280500521376434,
        "exact_set": 0.9550898203592815
      },
      "flat": {
        "recall@1": 0.11437125748502995,
        "precision@1": 0.11976047904191617,
        "full@1": 0.11377245508982035,
        "recall@3": 0.4711077844311376,
        "precision@3": 0.18862275449101842,
        "full@3": 0.44011976047904194,
        "recall@5": 0.6269461077844312,
        "precision@5": 0.15868263473053937,
        "full@5": 0.5868263473053892
      }
    },
    "multihop": {
      "label": "Đi nhiều bước",
      "n": 308,
      "ontology": {
        "precision": 1.0,
        "recall": 1.0,
        "f1": 1.0,
        "exact_set": 1.0
      },
      "flat": {
        "recall@1": 0.18831168831168832,
        "precision@1": 0.19155844155844157,
        "full@1": 0.18506493506493507,
        "recall@3": 0.7207792207792207,
        "precision@3": 0.24350649350649356,
        "full@3": 0.7175324675324676,
        "recall@5": 0.913961038961039,
        "precision@5": 0.18571428571428655,
        "full@5": 0.9123376623376623
      }
    },
    "multifield": {
      "label": "Nhiều thuộc tính",
      "n": 134,
      "ontology": {
        "precision": 1.0,
        "recall": 0.9676375404530745,
        "f1": 0.9835526315789473,
        "exact_set": 0.9701492537313433
      },
      "flat": {
        "recall@1": 0.4950248756218905,
        "precision@1": 0.5447761194029851,
        "full@1": 0.4552238805970149,
        "recall@3": 0.5601990049751248,
        "precision@3": 0.25621890547263676,
        "full@3": 0.4626865671641791,
        "recall@5": 0.622388059701493,
        "precision@5": 0.2014925373134325,
        "full@5": 0.47761194029850745
      }
    },
    "filter": {
      "label": "Lọc theo ràng buộc",
      "n": 225,
      "ontology": {
        "precision": 0.9841772151898734,
        "recall": 0.9779874213836478,
        "f1": 0.9810725552050473,
        "exact_set": 0.96
      },
      "flat": {
        "recall@1": 0.8012592592592591,
        "precision@1": 0.9333333333333333,
        "full@1": 0.72,
        "recall@3": 0.9334074074074074,
        "precision@3": 0.42666666666666536,
        "full@3": 0.8977777777777778,
        "recall@5": 0.9511111111111111,
        "precision@5": 0.2720000000000012,
        "full@5": 0.9511111111111111
      }
    }
  },
  "data_tier": {
    "lookup": {
      "label": "Tra cứu trực tiếp",
      "data_n": 199,
      "ontology_field_hit": 0.9547738693467337,
      "ontology_value_exact": 0.9547738693467337,
      "flat": "N/A"
    },
    "multihop": {
      "label": "Đi nhiều bước",
      "data_n": 308,
      "ontology_field_hit": 1.0,
      "ontology_value_exact": 1.0,
      "flat": "N/A"
    },
    "multifield": {
      "label": "Nhiều thuộc tính",
      "data_n": 61,
      "ontology_field_hit": 0.9672131147540983,
      "ontology_value_exact": 0.9672131147540983,
      "flat": "N/A"
    },
    "filter": {
      "label": "Lọc theo ràng buộc",
      "data_n": 51,
      "ontology_field_hit": 0.9019607843137255,
      "ontology_value_exact": 0.9019607843137255,
      "flat": "N/A"
    }
  },
  "overall": {
    "ontology": {
      "precision": 0.9872685185185185,
      "recall": 0.9568143578238923,
      "f1": 0.9718029051552264,
      "exact_set": 0.9732739420935412
    },
    "flat": {
      "recall@1": 0.5061742143033902,
      "precision@1": 0.5352635486265775,
      "full@1": 0.48775055679287305,
      "recall@3": 0.749393714427122,
      "precision@3": 0.2845830240039589,
      "full@3": 0.7253155159613957,
      "recall@5": 0.8413511507052711,
      "precision@5": 0.19851521900519753,
      "full@5": 0.8166295471417966
    }
  }
}