{
  "config": {
    "alpha": 0.5,
    "top_k_retrieve": 10,
    "top_k_rerank": 10,
    "ks": [
      1,
      3,
      5
    ],
    "ontology_source": "model",
    "num_beams": 4,
    "m3": "BAAI/bge-m3",
    "reranker": "BAAI/bge-reranker-v2-m3",
    "versions": {
      "torch": "2.12.1+cu130",
      "transformers": "5.12.1",
      "FlagEmbedding": "1.4.0",
      "scikit-learn": "1.9.0",
      "ctranslate2": "4.8.0"
    },
    "aggregation": {
      "ontology": "micro (Σinter/Σpred, Σinter/Σgold)",
      "flat": "query-mean (trung bình recall@k/precision@k/full@k theo câu)"
    },
    "metric_note": "So 'đúng-toàn-bộ' apples-to-apples = ontology exact_set vs flat full@k; full@3 BẤT LỢI cơ học khi |gold|>3 → đọc kèm full@5 + recall@k. Trục phân loại = NHÓM NĂNG LỰC (groups.py)."
  },
  "per_type": {
    "lookup": {
      "label": "Tra cứu trực tiếp",
      "n": 444,
      "ontology": {
        "precision": 0.9574944071588367,
        "recall": 0.963963963963964,
        "f1": 0.9607182940516273,
        "exact_set": 0.963963963963964
      },
      "flat": {
        "recall@1": 0.9842342342342343,
        "precision@1": 0.9842342342342343,
        "full@1": 0.9842342342342343,
        "recall@3": 0.9977477477477478,
        "precision@3": 0.33258258258258216,
        "full@3": 0.9977477477477478,
        "recall@5": 0.9977477477477478,
        "precision@5": 0.19954954954955118,
        "full@5": 0.9977477477477478
      }
    },
    "forward": {
      "label": "Đi một quan hệ",
      "n": 834,
      "ontology": {
        "precision": 0.9813499111900533,
        "recall": 0.9420289855072463,
        "f1": 0.9612875163114398,
        "exact_set": 0.9700239808153477
      },
      "flat": {
        "recall@1": 0.10587529976019186,
        "precision@1": 0.1091127098321343,
        "full@1": 0.10551558752997602,
        "recall@3": 0.42571942446043154,
        "precision@3": 0.17026378896882474,
        "full@3": 0.40047961630695444,
        "recall@5": 0.5705635491606714,
        "precision@5": 0.14220623501199153,
        "full@5": 0.5383693045563549
      }
    },
    "multihop": {
      "label": "Đi nhiều bước",
      "n": 308,
      "ontology": {
        "precision": 1.0,
        "recall": 1.0,
        "f1": 1.0,
        "exact_set": 1.0
      },
      "flat": {
        "recall@1": 0.18831168831168832,
        "precision@1": 0.19155844155844157,
        "full@1": 0.18506493506493507,
        "recall@3": 0.7207792207792207,
        "precision@3": 0.24350649350649356,
        "full@3": 0.7175324675324676,
        "recall@5": 0.913961038961039,
        "precision@5": 0.18571428571428655,
        "full@5": 0.9123376623376623
      }
    },
    "multifield": {
      "label": "Nhiều thuộc tính",
      "n": 134,
      "ontology": {
        "precision": 1.0,
        "recall": 0.9967637540453075,
        "f1": 0.9983792544570502,
        "exact_set": 0.9925373134328358
      },
      "flat": {
        "recall@1": 0.4950248756218905,
        "precision@1": 0.5447761194029851,
        "full@1": 0.4552238805970149,
        "recall@3": 0.5601990049751248,
        "precision@3": 0.25621890547263676,
        "full@3": 0.4626865671641791,
        "recall@5": 0.622388059701493,
        "precision@5": 0.2014925373134325,
        "full@5": 0.47761194029850745
      }
    },
    "filter": {
      "label": "Lọc theo ràng buộc",
      "n": 225,
      "ontology": {
        "precision": 0.9967845659163987,
        "recall": 0.9748427672955975,
        "f1": 0.985691573926868,
        "exact_set": 0.9733333333333334
      },
      "flat": {
        "recall@1": 0.8012592592592591,
        "precision@1": 0.9333333333333333,
        "full@1": 0.72,
        "recall@3": 0.9334074074074074,
        "precision@3": 0.42666666666666536,
        "full@3": 0.8977777777777778,
        "recall@5": 0.9511111111111111,
        "precision@5": 0.2720000000000012,
        "full@5": 0.9511111111111111
      }
    }
  },
  "data_tier": {
    "lookup": {
      "label": "Tra cứu trực tiếp",
      "data_n": 199,
      "ontology_field_hit": 0.964824120603015,
      "ontology_value_exact": 0.964824120603015,
      "flat": "N/A"
    },
    "multihop": {
      "label": "Đi nhiều bước",
      "data_n": 308,
      "ontology_field_hit": 0.9935064935064936,
      "ontology_value_exact": 0.9935064935064936,
      "flat": "N/A"
    },
    "multifield": {
      "label": "Nhiều thuộc tính",
      "data_n": 61,
      "ontology_field_hit": 0.9836065573770492,
      "ontology_value_exact": 0.9836065573770492,
      "flat": "N/A"
    },
    "filter": {
      "label": "Lọc theo ràng buộc",
      "data_n": 51,
      "ontology_field_hit": 0.9607843137254902,
      "ontology_value_exact": 0.9607843137254902,
      "flat": "N/A"
    }
  },
  "overall": {
    "ontology": {
      "precision": 0.9836327345309381,
      "recall": 0.9636292530308955,
      "f1": 0.9735282497036745,
      "exact_set": 0.9753213367609255
    },
    "flat": {
      "recall@1": 0.4266923736075407,
      "precision@1": 0.4473007712082262,
      "full@1": 0.4138817480719794,
      "recall@3": 0.67101970865467,
      "precision@3": 0.254498714652956,
      "full@3": 0.6488431876606684,
      "recall@5": 0.770051413881748,
      "precision@5": 0.1812853470437029,
      "full@5": 0.7460154241645244
    }
  }
}