{
  "config": {
    "alpha": 0.5,
    "top_k_retrieve": 10,
    "top_k_rerank": 10,
    "ks": [
      1,
      3,
      5
    ],
    "ontology_source": "model",
    "num_beams": 4,
    "m3": "BAAI/bge-m3",
    "reranker": "BAAI/bge-reranker-v2-m3",
    "versions": {
      "torch": "2.12.1+cu130",
      "transformers": "5.12.1",
      "FlagEmbedding": "1.4.0",
      "scikit-learn": "1.9.0",
      "ctranslate2": "4.8.0"
    },
    "aggregation": {
      "ontology": "micro (Σinter/Σpred, Σinter/Σgold)",
      "flat": "query-mean (trung bình recall@k/precision@k/full@k theo câu)"
    },
    "metric_note": "So 'đúng-toàn-bộ' apples-to-apples = ontology exact_set vs flat full@k; full@3 BẤT LỢI cơ học khi |gold|>3 (vd fee_union) → đọc kèm full@5 + recall@k."
  },
  "per_type": {
    "data_leaf": {
      "n": 199,
      "ontology": {
        "precision": 1.0,
        "recall": 0.9949748743718593,
        "f1": 0.9974811083123425,
        "exact_set": 0.9949748743718593
      },
      "flat": {
        "concise": {
          "recall@1": 0.9748743718592965,
          "precision@1": 0.9748743718592965,
          "full@1": 0.9748743718592965,
          "recall@3": 1.0,
          "precision@3": 0.33333333333333404,
          "full@3": 1.0,
          "recall@5": 1.0,
          "precision@5": 0.20000000000000012,
          "full@5": 1.0
        },
        "denorm": {
          "recall@1": 0.9698492462311558,
          "precision@1": 0.9698492462311558,
          "full@1": 0.9698492462311558,
          "recall@3": 1.0,
          "precision@3": 0.33333333333333404,
          "full@3": 1.0,
          "recall@5": 1.0,
          "precision@5": 0.20000000000000012,
          "full@5": 1.0
        }
      }
    },
    "fee_cohort": {
      "n": 30,
      "ontology": {
        "precision": 1.0,
        "recall": 1.0,
        "f1": 1.0,
        "exact_set": 1.0
      },
      "flat": {
        "concise": {
          "recall@1": 0.4444444444444446,
          "precision@1": 1.0,
          "full@1": 0.0,
          "recall@3": 1.0,
          "precision@3": 0.7777777777777779,
          "full@3": 1.0,
          "recall@5": 1.0,
          "precision@5": 0.4666666666666668,
          "full@5": 1.0
        },
        "denorm": {
          "recall@1": 0.3611111111111112,
          "precision@1": 0.8333333333333334,
          "full@1": 0.0,
          "recall@3": 0.9333333333333335,
          "precision@3": 0.7222222222222221,
          "full@3": 0.8333333333333334,
          "recall@5": 1.0,
          "precision@5": 0.4666666666666668,
          "full@5": 1.0
        }
      }
    },
    "fee_data": {
      "n": 51,
      "ontology": {
        "precision": 1.0,
        "recall": 0.9803921568627451,
        "f1": 0.99009900990099,
        "exact_set": 0.9803921568627451
      },
      "flat": {
        "concise": {
          "recall@1": 1.0,
          "precision@1": 1.0,
          "full@1": 1.0,
          "recall@3": 1.0,
          "precision@3": 0.3333333333333335,
          "full@3": 1.0,
          "recall@5": 1.0,
          "precision@5": 0.19999999999999993,
          "full@5": 1.0
        },
        "denorm": {
          "recall@1": 0.9607843137254902,
          "precision@1": 0.9607843137254902,
          "full@1": 0.9607843137254902,
          "recall@3": 1.0,
          "precision@3": 0.3333333333333335,
          "full@3": 1.0,
          "recall@5": 1.0,
          "precision@5": 0.19999999999999993,
          "full@5": 1.0
        }
      }
    },
    "fee_intersect": {
      "n": 22,
      "ontology": {
        "precision": 1.0,
        "recall": 0.9545454545454546,
        "f1": 0.9767441860465117,
        "exact_set": 0.9545454545454546
      },
      "flat": {
        "concise": {
          "recall@1": 0.9545454545454546,
          "precision@1": 0.9545454545454546,
          "full@1": 0.9545454545454546,
          "recall@3": 1.0,
          "precision@3": 0.3333333333333332,
          "full@3": 1.0,
          "recall@5": 1.0,
          "precision@5": 0.20000000000000007,
          "full@5": 1.0
        },
        "denorm": {
          "recall@1": 0.9090909090909091,
          "precision@1": 0.9090909090909091,
          "full@1": 0.9090909090909091,
          "recall@3": 0.9545454545454546,
          "precision@3": 0.31818181818181807,
          "full@3": 0.9545454545454546,
          "recall@5": 1.0,
          "precision@5": 0.20000000000000007,
          "full@5": 1.0
        }
      }
    },
    "fee_major": {
      "n": 108,
      "ontology": {
        "precision": 0.9912280701754386,
        "recall": 0.9741379310344828,
        "f1": 0.9826086956521738,
        "exact_set": 0.9629629629629629
      },
      "flat": {
        "concise": {
          "recall@1": 0.8472222222222222,
          "precision@1": 0.8703703703703703,
          "full@1": 0.8333333333333334,
          "recall@3": 0.8981481481481481,
          "precision@3": 0.3209876543209873,
          "full@3": 0.8981481481481481,
          "recall@5": 0.8981481481481481,
          "precision@5": 0.1925925925925922,
          "full@5": 0.8981481481481481
        },
        "denorm": {
          "recall@1": 0.6990740740740741,
          "precision@1": 0.7222222222222222,
          "full@1": 0.6851851851851852,
          "recall@3": 0.9104938271604939,
          "precision@3": 0.3209876543209873,
          "full@3": 0.8981481481481481,
          "recall@5": 0.9259259259259259,
          "precision@5": 0.19814814814814774,
          "full@5": 0.9259259259259259
        }
      }
    },
    "fee_union": {
      "n": 14,
      "ontology": {
        "precision": 1.0,
        "recall": 1.0,
        "f1": 1.0,
        "exact_set": 1.0
      },
      "flat": {
        "concise": {
          "recall@1": 0.24642857142857144,
          "precision@1": 1.0,
          "full@1": 0.0,
          "recall@3": 0.7154761904761904,
          "precision@3": 0.9761904761904763,
          "full@3": 0.14285714285714285,
          "recall@5": 1.0,
          "precision@5": 0.8428571428571427,
          "full@5": 1.0
        },
        "denorm": {
          "recall@1": 0.03809523809523809,
          "precision@1": 0.14285714285714285,
          "full@1": 0.0,
          "recall@3": 0.3380952380952381,
          "precision@3": 0.4523809523809524,
          "full@3": 0.0,
          "recall@5": 0.7833333333333333,
          "precision@5": 0.6428571428571427,
          "full@5": 0.35714285714285715
        }
      }
    },
    "forward_object": {
      "n": 238,
      "ontology": {
        "precision": 0.9578313253012049,
        "recall": 0.888268156424581,
        "f1": 0.9217391304347826,
        "exact_set": 0.9327731092436975
      },
      "flat": {
        "concise": {
          "recall@1": 0.11428571428571428,
          "precision@1": 0.12184873949579832,
          "full@1": 0.1134453781512605,
          "recall@3": 0.4686974789915967,
          "precision@3": 0.1820728291316527,
          "full@3": 0.4411764705882353,
          "recall@5": 0.6241596638655461,
          "precision@5": 0.15546218487394955,
          "full@5": 0.5882352941176471
        },
        "denorm": {
          "recall@1": 0.1382352941176471,
          "precision@1": 0.1638655462184874,
          "full@1": 0.13025210084033614,
          "recall@3": 0.7680672268907563,
          "precision@3": 0.3165266106442577,
          "full@3": 0.7352941176470589,
          "recall@5": 0.8609243697478992,
          "precision@5": 0.2310924369747905,
          "full@5": 0.8319327731092437
        }
      }
    },
    "multi_field": {
      "n": 134,
      "ontology": {
        "precision": 1.0,
        "recall": 0.9838187702265372,
        "f1": 0.9918433931484503,
        "exact_set": 0.9701492537313433
      },
      "flat": {
        "concise": {
          "recall@1": 0.4950248756218905,
          "precision@1": 0.5447761194029851,
          "full@1": 0.4552238805970149,
          "recall@3": 0.5601990049751248,
          "precision@3": 0.25621890547263676,