{
  "config": {
    "alpha": 0.5,
    "top_k_retrieve": 10,
    "top_k_rerank": 10,
    "ks": [
      1,
      3,
      5
    ],
    "ontology_source": "model",
    "num_beams": 4,
    "m3": "BAAI/bge-m3",
    "reranker": "BAAI/bge-reranker-v2-m3",
    "versions": {
      "torch": "2.12.1+cu130",
      "transformers": "5.12.1",
      "FlagEmbedding": "1.4.0",
      "scikit-learn": "1.9.0",
      "ctranslate2": "4.8.0"
    },
    "aggregation": {
      "ontology": "micro (Σinter/Σpred, Σinter/Σgold)",
      "flat": "query-mean (trung bình recall@k/precision@k/full@k theo câu)"
    },
    "metric_note": "So 'đúng-toàn-bộ' apples-to-apples = ontology exact_set vs flat full@k; full@3 BẤT LỢI cơ học khi |gold|>3 (vd fee_union) → đọc kèm full@5 + recall@k."
  },
  "per_type": {
    "data_leaf": {
      "n": 199,
      "ontology": {
        "precision": 1.0,
        "recall": 0.9849246231155779,
        "f1": 0.9924050632911393,
        "exact_set": 0.9849246231155779
      },
      "flat": {
        "concise": {
          "recall@1": 0.9748743718592965,
          "precision@1": 0.9748743718592965,
          "full@1": 0.9748743718592965,
          "recall@3": 1.0,
          "precision@3": 0.33333333333333404,
          "full@3": 1.0,
          "recall@5": 1.0,
          "precision@5": 0.20000000000000012,
          "full@5": 1.0
        },
        "denorm": {
          "recall@1": 0.9698492462311558,
          "precision@1": 0.9698492462311558,
          "full@1": 0.9698492462311558,
          "recall@3": 1.0,
          "precision@3": 0.33333333333333404,
          "full@3": 1.0,
          "recall@5": 1.0,
          "precision@5": 0.20000000000000012,
          "full@5": 1.0
        }
      }
    },
    "fee_cohort": {
      "n": 30,
      "ontology": {
        "precision": 1.0,
        "recall": 1.0,
        "f1": 1.0,
        "exact_set": 1.0
      },
      "flat": {
        "concise": {
          "recall@1": 0.4444444444444446,
          "precision@1": 1.0,
          "full@1": 0.0,
          "recall@3": 1.0,
          "precision@3": 0.7777777777777779,
          "full@3": 1.0,
          "recall@5": 1.0,
          "precision@5": 0.4666666666666668,
          "full@5": 1.0
        },
        "denorm": {
          "recall@1": 0.3611111111111112,
          "precision@1": 0.8333333333333334,
          "full@1": 0.0,
          "recall@3": 0.9333333333333335,
          "precision@3": 0.7222222222222221,
          "full@3": 0.8333333333333334,
          "recall@5": 1.0,
          "precision@5": 0.4666666666666668,
          "full@5": 1.0
        }
      }
    },
    "fee_data": {
      "n": 51,
      "ontology": {
        "precision": 0.96,
        "recall": 0.9411764705882353,
        "f1": 0.9504950495049505,
        "exact_set": 0.9019607843137255
      },
      "flat": {
        "concise": {
          "recall@1": 1.0,
          "precision@1": 1.0,
          "full@1": 1.0,
          "recall@3": 1.0,
          "precision@3": 0.3333333333333335,
          "full@3": 1.0,
          "recall@5": 1.0,
          "precision@5": 0.19999999999999993,
          "full@5": 1.0
        },
        "denorm": {
          "recall@1": 0.9607843137254902,
          "precision@1": 0.9607843137254902,
          "full@1": 0.9607843137254902,
          "recall@3": 1.0,
          "precision@3": 0.3333333333333335,
          "full@3": 1.0,
          "recall@5": 1.0,
          "precision@5": 0.19999999999999993,
          "full@5": 1.0
        }
      }
    },
    "fee_intersect": {
      "n": 22,
      "ontology": {
        "precision": 1.0,
        "recall": 0.9545454545454546,
        "f1": 0.9767441860465117,
        "exact_set": 0.9545454545454546
      },
      "flat": {
        "concise": {
          "recall@1": 0.9545454545454546,
          "precision@1": 0.9545454545454546,
          "full@1": 0.9545454545454546,
          "recall@3": 1.0,
          "precision@3": 0.3333333333333332,
          "full@3": 1.0,
          "recall@5": 1.0,
          "precision@5": 0.20000000000000007,
          "full@5": 1.0
        },
        "denorm": {
          "recall@1": 0.9090909090909091,
          "precision@1": 0.9090909090909091,
          "full@1": 0.9090909090909091,
          "recall@3": 0.9545454545454546,
          "precision@3": 0.31818181818181807,
          "full@3": 0.9545454545454546,
          "recall@5": 1.0,
          "precision@5": 0.20000000000000007,
          "full@5": 1.0
        }
      }
    },
    "fee_major": {
      "n": 108,
      "ontology": {
        "precision": 0.9741379310344828,
        "recall": 0.9741379310344828,
        "f1": 0.9741379310344828,
        "exact_set": 0.9722222222222222
      },
      "flat": {
        "concise": {
          "recall@1": 0.8472222222222222,
          "precision@1": 0.8703703703703703,
          "full@1": 0.8333333333333334,
          "recall@3": 0.8981481481481481,
          "precision@3": 0.3209876543209873,
          "full@3": 0.8981481481481481,
          "recall@5": 0.8981481481481481,
          "precision@5": 0.1925925925925922,
          "full@5": 0.8981481481481481
        },
        "denorm": {
          "recall@1": 0.6990740740740741,
          "precision@1": 0.7222222222222222,
          "full@1": 0.6851851851851852,
          "recall@3": 0.9104938271604939,
          "precision@3": 0.3209876543209873,
          "full@3": 0.8981481481481481,
          "recall@5": 0.9259259259259259,
          "precision@5": 0.19814814814814774,
          "full@5": 0.9259259259259259
        }
      }
    },
    "fee_union": {
      "n": 14,
      "ontology": {
        "precision": 1.0,
        "recall": 1.0,
        "f1": 1.0,
        "exact_set": 1.0
      },
      "flat": {
        "concise": {
          "recall@1": 0.24642857142857144,
          "precision@1": 1.0,
          "full@1": 0.0,
          "recall@3": 0.7154761904761904,
          "precision@3": 0.9761904761904763,
          "full@3": 0.14285714285714285,
          "recall@5": 1.0,
          "precision@5": 0.8428571428571427,
          "full@5": 1.0
        },
        "denorm": {
          "recall@1": 0.03809523809523809,
          "precision@1": 0.14285714285714285,
          "full@1": 0.0,
          "recall@3": 0.3380952380952381,
          "precision@3": 0.4523809523809524,
          "full@3": 0.0,
          "recall@5": 0.7833333333333333,
          "precision@5": 0.6428571428571427,
          "full@5": 0.35714285714285715
        }
      }
    },
    "forward_object": {
      "n": 334,
      "ontology": {
        "precision": 0.9632034632034632,
        "recall": 0.8953722334004024,
        "f1": 0.9280500521376434,
        "exact_set": 0.9550898203592815
      },
      "flat": {
        "concise": {
          "recall@1": 0.11437125748502995,
          "precision@1": 0.11976047904191617,
          "full@1": 0.11377245508982035,
          "recall@3": 0.4711077844311376,
          "precision@3": 0.18862275449101842,
          "full@3": 0.44011976047904194,
          "recall@5": 0.6269461077844312,
          "precision@5": 0.15868263473053937,
          "full@5": 0.5868263473053892
        },
        "denorm": {
          "recall@1": 0.14341317365269463,
          "precision@1": 0.16766467065868262,
          "full@1": 0.1347305389221557,
          "recall@3": 0.7908682634730538,
          "precision@3": 0.3273453093812367,
          "full@3": 0.7574850299401198,
          "recall@5": 0.8812874251497007,
          "precision@5": 0.23712574850299503,
          "full@5": 0.8532934131736527
        }
      }
    },
    "multi_field": {
      "n": 134,
      "ontology": {
        "precision": 1.0,
        "recall": 0.9676375404530745,
        "f1": 0.9835526315789473,
        "exact_set": 0.9701492537313433
      },
      "flat": {
        "concise": {
          "recall@1": 0.4950248756218905,
          "precision@1": 0.5447761194029851,
          "full@1": 0.4552238805970149,
          "recall@3": 0.5601990049751248,
          "precision@3": 0.25621890547263676,