{
  "config": {
    "alpha": 0.5,
    "top_k_retrieve": 10,
    "top_k_rerank": 10,
    "ks": [
      1,
      3,
      5
    ],
    "ontology_source": "model",
    "num_beams": 4,
    "m3": "BAAI/bge-m3",
    "reranker": "BAAI/bge-reranker-v2-m3",
    "versions": {
      "torch": "2.12.1+cu130",
      "transformers": "5.12.1",
      "FlagEmbedding": "1.4.0",
      "scikit-learn": "1.9.0",
      "ctranslate2": "4.8.0"
    },
    "aggregation": {
      "ontology": "micro (Σinter/Σpred, Σinter/Σgold)",
      "flat": "query-mean (trung bình recall@k/precision@k/full@k theo câu)"
    },
    "metric_note": "So 'đúng-toàn-bộ' apples-to-apples = ontology exact_set vs flat full@k; full@3 BẤT LỢI cơ học khi |gold|>3 → đọc kèm full@5 + recall@k. Trục phân loại = NHÓM NĂNG LỰC (groups.py)."
  },
  "per_type": {
    "lookup": {
      "label": "Tra cứu trực tiếp",
      "n": 447,
      "ontology": {
        "precision": 0.9513274336283186,
        "recall": 0.9619686800894854,
        "f1": 0.9566184649610678,
        "exact_set": 0.9619686800894854
      },
      "flat": {
        "recall@1": 0.9664429530201343,
        "precision@1": 0.9664429530201343,
        "full@1": 0.9664429530201343,
        "recall@3": 0.9977628635346756,
        "precision@3": 0.3325876211782249,
        "full@3": 0.9977628635346756,
        "recall@5": 0.9977628635346756,
        "precision@5": 0.19955257270693674,
        "full@5": 0.9977628635346756
      }
    },
    "forward": {
      "label": "Đi một quan hệ",
      "n": 917,
      "ontology": {
        "precision": 0.983503534956795,
        "recall": 0.9385307346326837,
        "f1": 0.9604909858074414,
        "exact_set": 0.9749182115594329
      },
      "flat": {
        "recall@1": 0.10730643402399129,
        "precision@1": 0.11123227917121047,
        "full@1": 0.10687022900763359,
        "recall@3": 0.4252998909487459,
        "precision@3": 0.17193747728098896,
        "full@3": 0.3969465648854962,
        "recall@5": 0.570774263904035,
        "precision@5": 0.14591057797164753,
        "full@5": 0.5343511450381679
      }
    },
    "multihop": {
      "label": "Đi nhiều bước",
      "n": 308,
      "ontology": {
        "precision": 1.0,
        "recall": 1.0,
        "f1": 1.0,
        "exact_set": 1.0
      },
      "flat": {
        "recall@1": 0.18831168831168832,
        "precision@1": 0.19155844155844157,
        "full@1": 0.18506493506493507,
        "recall@3": 0.7207792207792207,
        "precision@3": 0.24350649350649356,
        "full@3": 0.7175324675324676,
        "recall@5": 0.913961038961039,
        "precision@5": 0.18571428571428655,
        "full@5": 0.9123376623376623
      }
    },
    "multifield": {
      "label": "Nhiều thuộc tính",
      "n": 187,
      "ontology": {
        "precision": 1.0,
        "recall": 0.989010989010989,
        "f1": 0.994475138121547,
        "exact_set": 0.9786096256684492
      },
      "flat": {
        "recall@1": 0.47504456327985745,
        "precision@1": 0.4919786096256685,
        "full@1": 0.46524064171123,
        "recall@3": 0.6368983957219253,
        "precision@3": 0.2566844919786099,
        "full@3": 0.5668449197860963,
        "recall@5": 0.7039215686274513,
        "precision@5": 0.1893048128342242,
        "full@5": 0.6042780748663101
      }
    },
    "filter": {
      "label": "Lọc theo ràng buộc",
      "n": 225,
      "ontology": {
        "precision": 0.9809523809523809,
        "recall": 0.9716981132075472,
        "f1": 0.976303317535545,
        "exact_set": 0.96
      },
      "flat": {
        "recall@1": 0.8012592592592591,
        "precision@1": 0.9333333333333333,
        "full@1": 0.72,
        "recall@3": 0.9334074074074074,
        "precision@3": 0.42666666666666536,
        "full@3": 0.8977777777777778,
        "recall@5": 0.9511111111111111,
        "precision@5": 0.2720000000000012,
        "full@5": 0.9511111111111111
      }
    }
  },
  "data_tier": {
    "lookup": {
      "label": "Tra cứu trực tiếp",
      "data_n": 199,
      "ontology_field_hit": 0.964824120603015,
      "ontology_value_exact": 0.964824120603015,
      "flat": "N/A"
    },
    "multihop": {
      "label": "Đi nhiều bước",
      "data_n": 308,
      "ontology_field_hit": 0.9935064935064936,
      "ontology_value_exact": 0.9935064935064936,
      "flat": "N/A"
    },
    "multifield": {
      "label": "Nhiều thuộc tính",
      "data_n": 112,
      "ontology_field_hit": 0.9107142857142857,
      "ontology_value_exact": 0.9017857142857143,
      "flat": "N/A"
    },
    "filter": {
      "label": "Lọc theo ràng buộc",
      "data_n": 51,
      "ontology_field_hit": 0.9607843137254902,
      "ontology_value_exact": 0.9607843137254902,
      "flat": "N/A"
    }
  },
  "overall": {
    "ontology": {
      "precision": 0.9819388131220051,
      "recall": 0.9596541786743515,
      "f1": 0.9706686099471671,
      "exact_set": 0.9745681381957774
    },
    "flat": {
      "recall@1": 0.41147632757517594,
      "precision@1": 0.42946257197696736,
      "full@1": 0.40115163147792704,
      "recall@3": 0.6656030070377479,
      "precision@3": 0.25207933461292376,
      "full@3": 0.6425143953934741,
      "recall@5": 0.7660908509277032,
      "precision@5": 0.18080614203454987,
      "full@5": 0.7408829174664108
    }
  }
}