{
  "model_dir": "D:\\dev\\test\\artifacts\\models\\bartpho_tree",
  "num_beams": 4,
  "per_type": {
    "data_leaf": {
      "n": 199,
      "n_query": 199,
      "json_valid": 1.0,
      "strict_ok": 1.0,
      "act_acc": 1.0,
      "tree_norm": 0.7135678391959799,
      "shape_acc": 0.964824120603015,
      "precision": 0.964824120603015,
      "recall": 0.964824120603015,
      "f1": 0.964824120603015,
      "exact_set": 0.964824120603015
    },
    "fee_cohort": {
      "n": 30,
      "n_query": 30,
      "json_valid": 1.0,
      "strict_ok": 1.0,
      "act_acc": 1.0,
      "tree_norm": 0.9,
      "shape_acc": 1.0,
      "precision": 1.0,
      "recall": 1.0,
      "f1": 1.0,
      "exact_set": 1.0
    },
    "fee_data": {
      "n": 51,
      "n_query": 51,
      "json_valid": 1.0,
      "strict_ok": 1.0,
      "act_acc": 1.0,
      "tree_norm": 0.9215686274509803,
      "shape_acc": 1.0,
      "precision": 0.9803921568627451,
      "recall": 0.9803921568627451,
      "f1": 0.9803921568627451,
      "exact_set": 0.9803921568627451
    },
    "fee_intersect": {
      "n": 22,
      "n_query": 22,
      "json_valid": 1.0,
      "strict_ok": 1.0,
      "act_acc": 1.0,
      "tree_norm": 0.8636363636363636,
      "shape_acc": 0.9545454545454546,
      "precision": 0.9090909090909091,
      "recall": 0.9090909090909091,
      "f1": 0.9090909090909091,
      "exact_set": 0.9090909090909091
    },
    "fee_major": {
      "n": 108,
      "n_query": 108,
      "json_valid": 1.0,
      "strict_ok": 1.0,
      "act_acc": 1.0,
      "tree_norm": 0.9074074074074074,
      "shape_acc": 0.9814814814814815,
      "precision": 0.9741379310344828,
      "recall": 0.9741379310344828,
      "f1": 0.9741379310344828,
      "exact_set": 0.9629629629629629
    },
    "fee_union": {
      "n": 14,
      "n_query": 14,
      "json_valid": 1.0,
      "strict_ok": 1.0,
      "act_acc": 1.0,
      "tree_norm": 0.7142857142857143,
      "shape_acc": 1.0,
      "precision": 1.0,
      "recall": 1.0,
      "f1": 1.0,
      "exact_set": 1.0
    },
    "forward_object": {
      "n": 238,
      "n_query": 238,
      "json_valid": 1.0,
      "strict_ok": 1.0,
      "act_acc": 1.0,
      "tree_norm": 0.7226890756302521,
      "shape_acc": 0.9369747899159664,
      "precision": 0.9492537313432836,
      "recall": 0.888268156424581,
      "f1": 0.9177489177489178,
      "exact_set": 0.9327731092436975
    },
    "greeting": {
      "n": 16,
      "n_query": 0,
      "json_valid": 1.0,
      "strict_ok": 1.0,
      "act_acc": 1.0,
      "tree_norm": null,
      "shape_acc": null,
      "precision": 1.0,
      "recall": 1.0,
      "f1": 1.0,
      "exact_set": 1.0
    },
    "multi_field": {
      "n": 134,
      "n_query": 134,
      "json_valid": 0.9925373134328358,
      "strict_ok": 0.9850746268656716,
      "act_acc": 0.9925373134328358,
      "tree_norm": 0.8432835820895522,
      "shape_acc": 0.9701492537313433,
      "precision": 0.9890710382513661,
      "recall": 0.9783783783783784,
      "f1": 0.9836956521739131,
      "exact_set": 0.9626865671641791
    },
    "multi_hop": {
      "n": 308,
      "n_query": 308,
      "json_valid": 1.0,
      "strict_ok": 1.0,
      "act_acc": 1.0,
      "tree_norm": 0.9058441558441559,
      "shape_acc": 0.9902597402597403,
      "precision": 0.9808917197452229,
      "recall": 0.9840255591054313,
      "f1": 0.9824561403508771,
      "exact_set": 0.9837662337662337
    },
    "neg_child_miss": {
      "n": 29,
      "n_query": 29,
      "json_valid": 1.0,
      "strict_ok": 1.0,
      "act_acc": 1.0,
      "tree_norm": 0.8620689655172413,
      "shape_acc": 1.0,
      "precision": 1.0,
      "recall": 1.0,
      "f1": 1.0,
      "exact_set": 1.0
    },
    "neg_root_vague": {
      "n": 75,
      "n_query": 75,
      "json_valid": 1.0,
      "strict_ok": 1.0,
      "act_acc": 0.8933333333333333,
      "tree_norm": 0.72,
      "shape_acc": 0.8266666666666667,
      "precision": 0.8095238095238095,
      "recall": 0.9066666666666666,
      "f1": 0.8553459119496856,
      "exact_set": 0.9066666666666666
    },
    "ood": {
      "n": 103,
      "n_query": 0,
      "json_valid": 1.0,
      "strict_ok": 1.0,
      "act_acc": 0.8155339805825242,
      "tree_norm": null,
      "shape_acc": null,
      "precision": 0.8155339805825242,
      "recall": 0.8155339805825242,
      "f1": 0.8155339805825242,
      "exact_set": 0.8155339805825242
    },
    "self_desc": {
      "n": 101,
      "n_query": 101,
      "json_valid": 1.0,
      "strict_ok": 1.0,
      "act_acc": 0.9603960396039604,
      "tree_norm": 0.6633663366336634,
      "shape_acc": 0.9306930693069307,
      "precision": 0.900990099009901,
      "recall": 0.900990099009901,
      "f1": 0.9009900990099011,
      "exact_set": 0.900990099009901
    },
    "vague": {
      "n": 78,
      "n_query": 0,
      "json_valid": 1.0,
      "strict_ok": 1.0,
      "act_acc": 0.6538461538461539,
      "tree_norm": null,
      "shape_acc": null,
      "precision": 0.6074766355140186,
      "recall": 0.8333333333333334,
      "f1": 0.7027027027027027,
      "exact_set": 0.8333333333333334
    }
  },
  "subtotal_query": {
    "n": 1309,
    "n_query": 1309,
    "json_valid": 0.9992360580595875,
    "strict_ok": 0.998472116119175,
    "act_acc": 0.9900687547746372,
    "tree_norm": 0.8044308632543926,
    "shape_acc": 0.9602750190985485,
    "precision": 0.9621993127147767,
    "recall": 0.952921157118548,
    "f1": 0.9575377600455971,
    "exact_set": 0.9564553093964858
  },
  "subtotal_nonquery": {
    "n": 197,
    "n_query": 0,
    "json_valid": 1.0,
    "strict_ok": 1.0,
    "act_acc": 0.766497461928934,
    "tree_norm": null,
    "shape_acc": null,
    "precision": 0.7300884955752213,
    "recall": 0.8375634517766497,
    "f1": 0.7801418439716313,
    "exact_set": 0.8375634517766497
  },
  "overall_micro": {
    "n": 1506,
    "n_query": 1309,
    "json_valid": 0.99933598937583,
    "strict_ok": 0.99867197875166,
    "act_acc": 0.9608233731739708,
    "tree_norm": 0.8044308632543926,
    "shape_acc": 0.9602750190985485,
    "precision": 0.9355983772819473,
    "recall": 0.9413265306122449,
    "f1": 0.9384537131230927,
    "exact_set": 0.9409030544488712
  },
  "macro_f1": 0.9324612348073116,
  "macro_exact": 0.9435346759524113
}