{
  "model_dir": "D:\\dev\\test\\artifacts\\models\\bartpho_tree",
  "num_beams": 4,
  "per_type": {
    "filter": {
      "n": 225,
      "n_query": 225,
      "json_valid": 1.0,
      "strict_ok": 1.0,
      "act_acc": 1.0,
      "tree_norm": 0.9111111111111111,
      "shape_acc": 0.9777777777777777,
      "precision": 0.9872611464968153,
      "recall": 0.9748427672955975,
      "f1": 0.9810126582278481,
      "exact_set": 0.9688888888888889
    },
    "forward": {
      "n": 834,
      "n_query": 834,
      "json_valid": 1.0,
      "strict_ok": 1.0,
      "act_acc": 1.0,
      "tree_norm": 0.7326139088729017,
      "shape_acc": 0.9616306954436451,
      "precision": 0.960730593607306,
      "recall": 0.896845694799659,
      "f1": 0.9276895943562611,
      "exact_set": 0.9532374100719424
    },
    "greeting": {
      "n": 17,
      "n_query": 0,
      "json_valid": 1.0,
      "strict_ok": 1.0,
      "act_acc": 1.0,
      "tree_norm": null,
      "shape_acc": null,
      "precision": 1.0,
      "recall": 1.0,
      "f1": 1.0,
      "exact_set": 1.0
    },
    "lookup": {
      "n": 447,
      "n_query": 447,
      "json_valid": 1.0,
      "strict_ok": 0.9977628635346756,
      "act_acc": 0.9932885906040269,
      "tree_norm": 0.7628635346756152,
      "shape_acc": 0.941834451901566,
      "precision": 0.8817204301075269,
      "recall": 0.9172259507829977,
      "f1": 0.8991228070175439,
      "exact_set": 0.9172259507829977
    },
    "multifield": {
      "n": 187,
      "n_query": 187,
      "json_valid": 0.983957219251337,
      "strict_ok": 0.983957219251337,
      "act_acc": 0.983957219251337,
      "tree_norm": 0.7433155080213903,
      "shape_acc": 0.9144385026737968,
      "precision": 0.9853249475890985,
      "recall": 0.9552845528455285,
      "f1": 0.9700722394220846,
      "exact_set": 0.9144385026737968
    },
    "multihop": {
      "n": 308,
      "n_query": 308,
      "json_valid": 1.0,
      "strict_ok": 1.0,
      "act_acc": 1.0,
      "tree_norm": 0.8896103896103896,
      "shape_acc": 0.9805194805194806,
      "precision": 0.9808917197452229,
      "recall": 0.9840255591054313,
      "f1": 0.9824561403508771,
      "exact_set": 0.9805194805194806
    },
    "neg_child_miss": {
      "n": 30,
      "n_query": 30,
      "json_valid": 1.0,
      "strict_ok": 1.0,
      "act_acc": 1.0,
      "tree_norm": 0.8666666666666667,
      "shape_acc": 0.9666666666666667,
      "precision": 1.0,
      "recall": 1.0,
      "f1": 1.0,
      "exact_set": 1.0
    },
    "neg_root_vague": {
      "n": 72,
      "n_query": 72,
      "json_valid": 1.0,
      "strict_ok": 1.0,
      "act_acc": 0.875,
      "tree_norm": 0.7361111111111112,
      "shape_acc": 0.8472222222222222,
      "precision": 0.9583333333333334,
      "recall": 0.9583333333333334,
      "f1": 0.9583333333333334,
      "exact_set": 0.9583333333333334
    },
    "ood": {
      "n": 110,
      "n_query": 0,
      "json_valid": 1.0,
      "strict_ok": 1.0,
      "act_acc": 0.9,
      "tree_norm": null,
      "shape_acc": null,
      "precision": 0.9,
      "recall": 0.9,
      "f1": 0.9,
      "exact_set": 0.9
    },
    "vague": {
      "n": 75,
      "n_query": 0,
      "json_valid": 1.0,
      "strict_ok": 1.0,
      "act_acc": 0.8,
      "tree_norm": null,
      "shape_acc": null,
      "precision": 0.9210526315789473,
      "recall": 0.9333333333333333,
      "f1": 0.9271523178807947,
      "exact_set": 0.9333333333333333
    }
  },
  "subtotal_query": {
    "n": 2103,
    "n_query": 2103,
    "json_valid": 0.9985734664764622,
    "strict_ok": 0.9980979553019496,
    "act_acc": 0.992867332382311,
    "tree_norm": 0.7841179267712791,
    "shape_acc": 0.9538754160722777,
    "precision": 0.9573545355981207,
    "recall": 0.9311072056239016,
    "f1": 0.9440484675694939,
    "exact_set": 0.948644793152639
  },
  "subtotal_nonquery": {
    "n": 202,
    "n_query": 0,
    "json_valid": 1.0,
    "strict_ok": 1.0,
    "act_acc": 0.8712871287128713,
    "tree_norm": null,
    "shape_acc": null,
    "precision": 0.916256157635468,
    "recall": 0.9207920792079208,
    "f1": 0.9185185185185185,
    "exact_set": 0.9207920792079208
  },
  "overall_micro": {
    "n": 2305,
    "n_query": 2103,
    "json_valid": 0.9986984815618222,
    "strict_ok": 0.9982646420824295,
    "act_acc": 0.9822125813449024,
    "tree_norm": 0.7841179267712791,
    "shape_acc": 0.9538754160722777,
    "precision": 0.9545454545454546,
    "recall": 0.9304233672464719,
    "f1": 0.9423300648163537,
    "exact_set": 0.9462039045553146
  },
  "macro_f1": 0.952070687874923,
  "macro_exact": 0.9468620465874213,
  "act_confusion": {
    "greeting": {
      "greeting": 17
    },
    "ood": {
      "ood": 99,
      "vague": 4,
      "query": 5,
      "greeting": 2
    },
    "vague": {
      "vague": 60,
      "query": 12,
      "greeting": 3
    },
    "query": {
      "query": 2088,
      "vague": 15
    }
  }
}