{
  "model_dir": "D:\\dev\\test\\artifacts\\models\\bartpho_tree",
  "num_beams": 4,
  "per_type": {
    "data_leaf": {
      "n": 199,
      "n_query": 199,
      "json_valid": 1.0,
      "strict_ok": 1.0,
      "act_acc": 1.0,
      "tree_norm": 0.7839195979899497,
      "shape_acc": 0.964824120603015,
      "precision": 0.9547738693467337,
      "recall": 0.9547738693467337,
      "f1": 0.9547738693467337,
      "exact_set": 0.9547738693467337
    },
    "fee_cohort": {
      "n": 30,
      "n_query": 30,
      "json_valid": 1.0,
      "strict_ok": 1.0,
      "act_acc": 1.0,
      "tree_norm": 0.9,
      "shape_acc": 1.0,
      "precision": 1.0,
      "recall": 1.0,
      "f1": 1.0,
      "exact_set": 1.0
    },
    "fee_data": {
      "n": 51,
      "n_query": 51,
      "json_valid": 1.0,
      "strict_ok": 1.0,
      "act_acc": 1.0,
      "tree_norm": 0.8823529411764706,
      "shape_acc": 0.9607843137254902,
      "precision": 0.9056603773584906,
      "recall": 0.9411764705882353,
      "f1": 0.923076923076923,
      "exact_set": 0.9019607843137255
    },
    "fee_intersect": {
      "n": 22,
      "n_query": 22,
      "json_valid": 1.0,
      "strict_ok": 1.0,
      "act_acc": 1.0,
      "tree_norm": 0.8181818181818182,
      "shape_acc": 1.0,
      "precision": 0.9545454545454546,
      "recall": 0.9545454545454546,
      "f1": 0.9545454545454546,
      "exact_set": 0.9545454545454546
    },
    "fee_major": {
      "n": 108,
      "n_query": 108,
      "json_valid": 1.0,
      "strict_ok": 1.0,
      "act_acc": 1.0,
      "tree_norm": 0.9259259259259259,
      "shape_acc": 0.9907407407407407,
      "precision": 0.9658119658119658,
      "recall": 0.9741379310344828,
      "f1": 0.9699570815450644,
      "exact_set": 0.9722222222222222
    },
    "fee_union": {
      "n": 14,
      "n_query": 14,
      "json_valid": 1.0,
      "strict_ok": 1.0,
      "act_acc": 1.0,
      "tree_norm": 0.7857142857142857,
      "shape_acc": 1.0,
      "precision": 1.0,
      "recall": 1.0,
      "f1": 1.0,
      "exact_set": 1.0
    },
    "forward_object": {
      "n": 334,
      "n_query": 334,
      "json_valid": 1.0,
      "strict_ok": 1.0,
      "act_acc": 1.0,
      "tree_norm": 0.718562874251497,
      "shape_acc": 0.9610778443113772,
      "precision": 0.9549356223175965,
      "recall": 0.8953722334004024,
      "f1": 0.9241952232606437,
      "exact_set": 0.9550898203592815
    },
    "greeting": {
      "n": 16,
      "n_query": 0,
      "json_valid": 1.0,
      "strict_ok": 1.0,
      "act_acc": 1.0,
      "tree_norm": null,
      "shape_acc": null,
      "precision": 1.0,
      "recall": 1.0,
      "f1": 1.0,
      "exact_set": 1.0
    },
    "multi_field": {
      "n": 134,
      "n_query": 134,
      "json_valid": 1.0,
      "strict_ok": 1.0,
      "act_acc": 1.0,
      "tree_norm": 0.8731343283582089,
      "shape_acc": 0.9850746268656716,
      "precision": 0.9862258953168044,
      "recall": 0.9675675675675676,
      "f1": 0.9768076398362893,
      "exact_set": 0.9626865671641791
    },
    "multi_hop": {
      "n": 308,
      "n_query": 308,
      "json_valid": 1.0,
      "strict_ok": 1.0,
      "act_acc": 1.0,
      "tree_norm": 0.922077922077922,
      "shape_acc": 1.0,
      "precision": 1.0,
      "recall": 1.0,
      "f1": 1.0,
      "exact_set": 1.0
    },
    "neg_child_miss": {
      "n": 29,
      "n_query": 29,
      "json_valid": 1.0,
      "strict_ok": 1.0,
      "act_acc": 1.0,
      "tree_norm": 0.896551724137931,
      "shape_acc": 1.0,
      "precision": 1.0,
      "recall": 1.0,
      "f1": 1.0,
      "exact_set": 1.0
    },
    "neg_root_vague": {
      "n": 75,
      "n_query": 75,
      "json_valid": 1.0,
      "strict_ok": 1.0,
      "act_acc": 0.9066666666666666,
      "tree_norm": 0.72,
      "shape_acc": 0.84,
      "precision": 0.8571428571428571,
      "recall": 0.96,
      "f1": 0.9056603773584904,
      "exact_set": 0.96
    },
    "ood": {
      "n": 103,
      "n_query": 0,
      "json_valid": 1.0,
      "strict_ok": 1.0,
      "act_acc": 0.8737864077669902,
      "tree_norm": null,
      "shape_acc": null,
      "precision": 0.8737864077669902,
      "recall": 0.8737864077669902,
      "f1": 0.8737864077669902,
      "exact_set": 0.8737864077669902
    },
    "self_desc": {
      "n": 147,
      "n_query": 147,
      "json_valid": 1.0,
      "strict_ok": 1.0,
      "act_acc": 0.9863945578231292,
      "tree_norm": 0.782312925170068,
      "shape_acc": 0.9387755102040817,
      "precision": 0.9319727891156463,
      "recall": 0.9319727891156463,
      "f1": 0.9319727891156463,
      "exact_set": 0.9319727891156463
    },
    "vague": {
      "n": 78,
      "n_query": 0,
      "json_valid": 1.0,
      "strict_ok": 1.0,
      "act_acc": 0.6923076923076923,
      "tree_norm": null,
      "shape_acc": null,
      "precision": 0.6979166666666666,
      "recall": 0.8589743589743589,
      "f1": 0.7701149425287356,
      "exact_set": 0.8589743589743589
    }
  },
  "subtotal_query": {
    "n": 1451,
    "n_query": 1451,
    "json_valid": 1.0,
    "strict_ok": 1.0,
    "act_acc": 0.9937973811164714,
    "tree_norm": 0.8221915920055134,
    "shape_acc": 0.9682977257064094,
    "precision": 0.9651404786680541,
    "recall": 0.952258726899384,
    "f1": 0.958656330749354,
    "exact_set": 0.9648518263266712
  },
  "subtotal_nonquery": {
    "n": 197,
    "n_query": 0,
    "json_valid": 1.0,
    "strict_ok": 1.0,
    "act_acc": 0.8121827411167513,
    "tree_norm": null,
    "shape_acc": null,
    "precision": 0.8046511627906977,
    "recall": 0.8781725888324873,
    "f1": 0.8398058252427184,
    "exact_set": 0.8781725888324873
  },
  "overall_micro": {
    "n": 1648,
    "n_query": 1451,
    "json_valid": 1.0,
    "strict_ok": 1.0,
    "act_acc": 0.9720873786407767,
    "tree_norm": 0.8221915920055134,
    "shape_acc": 0.9682977257064094,
    "precision": 0.9489939167056621,
    "recall": 0.9454545454545454,
    "f1": 0.9472209248014946,
    "exact_set": 0.9544902912621359
  },
  "macro_f1": 0.9456593805587314,
  "macro_exact": 0.9550674849205728,
  "act_confusion": {
    "greeting": {
      "greeting": 16
    },
    "ood": {
      "ood": 90,
      "vague": 5,
      "query": 8
    },
    "vague": {
      "vague": 54,
      "query": 22,
      "greeting": 2
    },
    "query": {
      "query": 1442,
      "vague": 9
    }
  }
}