{
  "model_dir": "D:\\dev\\test\\artifacts\\models\\bartpho_tree",
  "num_beams": 4,
  "per_type": {
    "filter": {
      "n": 225,
      "n_query": 225,
      "json_valid": 1.0,
      "strict_ok": 1.0,
      "act_acc": 1.0,
      "tree_norm": 0.8533333333333334,
      "shape_acc": 0.9733333333333334,
      "precision": 0.953125,
      "recall": 0.9591194968553459,
      "f1": 0.9561128526645767,
      "exact_set": 0.9466666666666667
    },
    "forward": {
      "n": 834,
      "n_query": 834,
      "json_valid": 1.0,
      "strict_ok": 1.0,
      "act_acc": 1.0,
      "tree_norm": 0.6666666666666666,
      "shape_acc": 0.935251798561151,
      "precision": 0.9113475177304965,
      "recall": 0.876385336743393,
      "f1": 0.8935245545415037,
      "exact_set": 0.9004796163069544
    },
    "greeting": {
      "n": 17,
      "n_query": 0,
      "json_valid": 1.0,
      "strict_ok": 1.0,
      "act_acc": 0.8823529411764706,
      "tree_norm": null,
      "shape_acc": null,
      "precision": 0.8823529411764706,
      "recall": 0.8823529411764706,
      "f1": 0.8823529411764706,
      "exact_set": 0.8823529411764706
    },
    "lookup": {
      "n": 447,
      "n_query": 447,
      "json_valid": 1.0,
      "strict_ok": 1.0,
      "act_acc": 0.9932885906040269,
      "tree_norm": 0.70917225950783,
      "shape_acc": 0.9149888143176734,
      "precision": 0.8676789587852495,
      "recall": 0.8948545861297539,
      "f1": 0.881057268722467,
      "exact_set": 0.8948545861297539
    },
    "multifield": {
      "n": 187,
      "n_query": 187,
      "json_valid": 0.983957219251337,
      "strict_ok": 0.983957219251337,
      "act_acc": 0.983957219251337,
      "tree_norm": 0.7700534759358288,
      "shape_acc": 0.9197860962566845,
      "precision": 0.9748427672955975,
      "recall": 0.9451219512195121,
      "f1": 0.9597523219814241,
      "exact_set": 0.9251336898395722
    },
    "multihop": {
      "n": 308,
      "n_query": 308,
      "json_valid": 1.0,
      "strict_ok": 1.0,
      "act_acc": 1.0,
      "tree_norm": 0.8863636363636364,
      "shape_acc": 0.9902597402597403,
      "precision": 0.9904153354632588,
      "recall": 0.9904153354632588,
      "f1": 0.9904153354632588,
      "exact_set": 0.9902597402597403
    },
    "neg_child_miss": {
      "n": 30,
      "n_query": 30,
      "json_valid": 1.0,
      "strict_ok": 1.0,
      "act_acc": 1.0,
      "tree_norm": 0.8333333333333334,
      "shape_acc": 1.0,
      "precision": 1.0,
      "recall": 1.0,
      "f1": 1.0,
      "exact_set": 1.0
    },
    "neg_root_vague": {
      "n": 72,
      "n_query": 72,
      "json_valid": 1.0,
      "strict_ok": 1.0,
      "act_acc": 0.9444444444444444,
      "tree_norm": 0.7638888888888888,
      "shape_acc": 0.9166666666666666,
      "precision": 0.9305555555555556,
      "recall": 0.9305555555555556,
      "f1": 0.9305555555555556,
      "exact_set": 0.9305555555555556
    },
    "ood": {
      "n": 110,
      "n_query": 0,
      "json_valid": 1.0,
      "strict_ok": 1.0,
      "act_acc": 0.8818181818181818,
      "tree_norm": null,
      "shape_acc": null,
      "precision": 0.8818181818181818,
      "recall": 0.8818181818181818,
      "f1": 0.8818181818181818,
      "exact_set": 0.8818181818181818
    },
    "vague": {
      "n": 75,
      "n_query": 0,
      "json_valid": 1.0,
      "strict_ok": 1.0,
      "act_acc": 0.7333333333333333,
      "tree_norm": null,
      "shape_acc": null,
      "precision": 0.9333333333333333,
      "recall": 0.9333333333333333,
      "f1": 0.9333333333333333,
      "exact_set": 0.9333333333333333
    }
  },
  "subtotal_query": {
    "n": 2103,
    "n_query": 2103,
    "json_valid": 0.9985734664764622,
    "strict_ok": 0.9985734664764622,
    "act_acc": 0.995244888254874,
    "tree_norm": 0.7427484545886829,
    "shape_acc": 0.9419876367094627,
    "precision": 0.9300249910746162,
    "recall": 0.9156414762741653,
    "f1": 0.9227771873893023,
    "exact_set": 0.9220161673799334
  },
  "subtotal_nonquery": {
    "n": 202,
    "n_query": 0,
    "json_valid": 1.0,
    "strict_ok": 1.0,
    "act_acc": 0.8267326732673267,
    "tree_norm": null,
    "shape_acc": null,
    "precision": 0.900990099009901,
    "recall": 0.900990099009901,
    "f1": 0.9009900990099011,
    "exact_set": 0.900990099009901
  },
  "overall_micro": {
    "n": 2305,
    "n_query": 2103,
    "json_valid": 0.9986984815618222,
    "strict_ok": 0.9986984815618222,
    "act_acc": 0.9804772234273319,
    "tree_norm": 0.7427484545886829,
    "shape_acc": 0.9419876367094627,
    "precision": 0.9280719280719281,
    "recall": 0.9146701673777486,
    "f1": 0.9213223140495868,
    "exact_set": 0.9201735357917571
  },
  "macro_f1": 0.9361724666746462,
  "macro_exact": 0.9314788598405375,
  "act_confusion": {
    "greeting": {
      "greeting": 15,
      "query": 2
    },
    "ood": {
      "ood": 97,
      "vague": 5,
      "query": 8
    },
    "vague": {
      "vague": 55,
      "query": 20
    },
    "query": {
      "query": 2093,
      "vague": 10
    }
  }
}