{
  "model_dir": "D:\\dev\\test\\artifacts\\models\\bartpho_tree",
  "num_beams": 4,
  "per_type": {
    "filter": {
      "n": 225,
      "n_query": 225,
      "json_valid": 0.9955555555555555,
      "strict_ok": 0.9955555555555555,
      "act_acc": 0.9955555555555555,
      "tree_norm": 0.8977777777777778,
      "shape_acc": 0.9911111111111112,
      "precision": 0.9841269841269841,
      "recall": 0.9748427672955975,
      "f1": 0.9794628751974723,
      "exact_set": 0.9733333333333334
    },
    "forward": {
      "n": 834,
      "n_query": 834,
      "json_valid": 1.0,
      "strict_ok": 1.0,
      "act_acc": 1.0,
      "tree_norm": 0.7589928057553957,
      "shape_acc": 0.9700239808153477,
      "precision": 0.9700440528634361,
      "recall": 0.9386189258312021,
      "f1": 0.9540727902946273,
      "exact_set": 0.9640287769784173
    },
    "greeting": {
      "n": 17,
      "n_query": 0,
      "json_valid": 1.0,
      "strict_ok": 1.0,
      "act_acc": 1.0,
      "tree_norm": null,
      "shape_acc": null,
      "precision": 1.0,
      "recall": 1.0,
      "f1": 1.0,
      "exact_set": 1.0
    },
    "lookup": {
      "n": 444,
      "n_query": 444,
      "json_valid": 1.0,
      "strict_ok": 1.0,
      "act_acc": 0.9977477477477478,
      "tree_norm": 0.7364864864864865,
      "shape_acc": 0.9572072072072072,
      "precision": 0.9210526315789473,
      "recall": 0.9459459459459459,
      "f1": 0.9333333333333332,
      "exact_set": 0.9459459459459459
    },
    "multifield": {
      "n": 134,
      "n_query": 134,
      "json_valid": 1.0,
      "strict_ok": 1.0,
      "act_acc": 1.0,
      "tree_norm": 0.8955223880597015,
      "shape_acc": 1.0,
      "precision": 0.9945945945945946,
      "recall": 0.9945945945945946,
      "f1": 0.9945945945945946,
      "exact_set": 0.9925373134328358
    },
    "multihop": {
      "n": 308,
      "n_query": 308,
      "json_valid": 1.0,
      "strict_ok": 1.0,
      "act_acc": 1.0,
      "tree_norm": 0.922077922077922,
      "shape_acc": 0.9935064935064936,
      "precision": 0.9936102236421726,
      "recall": 0.9936102236421726,
      "f1": 0.9936102236421726,
      "exact_set": 0.9935064935064936
    },
    "neg_child_miss": {
      "n": 29,
      "n_query": 29,
      "json_valid": 1.0,
      "strict_ok": 1.0,
      "act_acc": 1.0,
      "tree_norm": 0.896551724137931,
      "shape_acc": 1.0,
      "precision": 1.0,
      "recall": 1.0,
      "f1": 1.0,
      "exact_set": 1.0
    },
    "neg_root_vague": {
      "n": 75,
      "n_query": 75,
      "json_valid": 1.0,
      "strict_ok": 1.0,
      "act_acc": 0.92,
      "tree_norm": 0.7466666666666667,
      "shape_acc": 0.8666666666666667,
      "precision": 0.9066666666666666,
      "recall": 0.9066666666666666,
      "f1": 0.9066666666666666,
      "exact_set": 0.9066666666666666
    },
    "ood": {
      "n": 110,
      "n_query": 0,
      "json_valid": 1.0,
      "strict_ok": 1.0,
      "act_acc": 0.7909090909090909,
      "tree_norm": null,
      "shape_acc": null,
      "precision": 0.7909090909090909,
      "recall": 0.7909090909090909,
      "f1": 0.7909090909090909,
      "exact_set": 0.7909090909090909
    },
    "vague": {
      "n": 75,
      "n_query": 0,
      "json_valid": 1.0,
      "strict_ok": 1.0,
      "act_acc": 0.64,
      "tree_norm": null,
      "shape_acc": null,
      "precision": 0.7662337662337663,
      "recall": 0.7866666666666666,
      "f1": 0.7763157894736841,
      "exact_set": 0.7866666666666666
    }
  },
  "subtotal_query": {
    "n": 2049,
    "n_query": 2049,
    "json_valid": 0.9995119570522206,
    "strict_ok": 0.9995119570522206,
    "act_acc": 0.9960956564177648,
    "tree_norm": 0.8042947779404588,
    "shape_acc": 0.9716935090287946,
    "precision": 0.968065354623097,
    "recall": 0.9577516531961793,
    "f1": 0.9628808864265928,
    "exact_set": 0.9658369936554417
  },
  "subtotal_nonquery": {
    "n": 202,
    "n_query": 0,
    "json_valid": 1.0,
    "strict_ok": 1.0,
    "act_acc": 0.7524752475247525,
    "tree_norm": null,
    "shape_acc": null,
    "precision": 0.7990196078431373,
    "recall": 0.806930693069307,
    "f1": 0.8029556650246307,
    "exact_set": 0.806930693069307
  },
  "overall_micro": {
    "n": 2251,
    "n_query": 2049,
    "json_valid": 0.9995557529986673,
    "strict_ok": 0.9995557529986673,
    "act_acc": 0.974233673922701,
    "tree_norm": 0.8042947779404588,
    "shape_acc": 0.9716935090287946,
    "precision": 0.9561615464273386,
    "recall": 0.9473324213406292,
    "f1": 0.9517265074729429,
    "exact_set": 0.9515770768547313
  },
  "macro_f1": 0.97101476341244,
  "macro_exact": 0.9738703726394051,
  "act_confusion": {
    "greeting": {
      "greeting": 17
    },
    "ood": {
      "ood": 87,
      "vague": 7,
      "query": 15,
      "greeting": 1
    },
    "vague": {
      "vague": 48,
      "query": 25,
      "greeting": 2
    },
    "query": {
      "query": 2041,
      "vague": 7,
      "greeting": 1
    }
  }
}