{
  "model_dir": "/run/media/vpt/FAF432DEF4329D37/dev/test/artifacts/models/bartpho_tree",
  "num_beams": 4,
  "per_type": {
    "filter": {
      "n": 225,
      "n_query": 225,
      "json_valid": 1.0,
      "strict_ok": 1.0,
      "act_acc": 1.0,
      "tree_norm": 0.9066666666666666,
      "shape_acc": 0.9777777777777777,
      "precision": 0.9625,
      "recall": 0.9685534591194969,
      "f1": 0.9655172413793103,
      "exact_set": 0.9644444444444444
    },
    "forward": {
      "n": 917,
      "n_query": 917,
      "json_valid": 1.0,
      "strict_ok": 1.0,
      "act_acc": 1.0,
      "tree_norm": 0.7600872410032715,
      "shape_acc": 0.9716466739367503,
      "precision": 0.9706814580031695,
      "recall": 0.9182908545727136,
      "f1": 0.9437596302003081,
      "exact_set": 0.9672846237731734
    },
    "greeting": {
      "n": 17,
      "n_query": 0,
      "json_valid": 1.0,
      "strict_ok": 1.0,
      "act_acc": 1.0,
      "tree_norm": null,
      "shape_acc": null,
      "precision": 1.0,
      "recall": 1.0,
      "f1": 1.0,
      "exact_set": 1.0
    },
    "lookup": {
      "n": 447,
      "n_query": 447,
      "json_valid": 1.0,
      "strict_ok": 1.0,
      "act_acc": 0.9977628635346756,
      "tree_norm": 0.7986577181208053,
      "shape_acc": 0.941834451901566,
      "precision": 0.9002169197396963,
      "recall": 0.9284116331096197,
      "f1": 0.9140969162995595,
      "exact_set": 0.9284116331096197
    },
    "multifield": {
      "n": 187,
      "n_query": 187,
      "json_valid": 1.0,
      "strict_ok": 1.0,
      "act_acc": 1.0,
      "tree_norm": 0.7807486631016043,
      "shape_acc": 0.9625668449197861,
      "precision": 0.9896907216494846,
      "recall": 0.975609756097561,
      "f1": 0.9825997952917093,
      "exact_set": 0.9625668449197861
    },
    "multihop": {
      "n": 308,
      "n_query": 308,
      "json_valid": 1.0,
      "strict_ok": 1.0,
      "act_acc": 1.0,
      "tree_norm": 0.9155844155844156,
      "shape_acc": 0.9935064935064936,
      "precision": 0.9872611464968153,
      "recall": 0.9904153354632588,
      "f1": 0.9888357256778308,
      "exact_set": 0.9902597402597403
    },
    "neg_child_miss": {
      "n": 30,
      "n_query": 30,
      "json_valid": 1.0,
      "strict_ok": 1.0,
      "act_acc": 1.0,
      "tree_norm": 0.9,
      "shape_acc": 1.0,
      "precision": 1.0,
      "recall": 1.0,
      "f1": 1.0,
      "exact_set": 1.0
    },
    "neg_root_vague": {
      "n": 71,
      "n_query": 71,
      "json_valid": 1.0,
      "strict_ok": 1.0,
      "act_acc": 0.9436619718309859,
      "tree_norm": 0.7887323943661971,
      "shape_acc": 0.9014084507042254,
      "precision": 0.9436619718309859,
      "recall": 0.9436619718309859,
      "f1": 0.9436619718309859,
      "exact_set": 0.9436619718309859
    },
    "ood": {
      "n": 110,
      "n_query": 0,
      "json_valid": 1.0,
      "strict_ok": 1.0,
      "act_acc": 0.9363636363636364,
      "tree_norm": null,
      "shape_acc": null,
      "precision": 0.9363636363636364,
      "recall": 0.9363636363636364,
      "f1": 0.9363636363636364,
      "exact_set": 0.9363636363636364
    },
    "vague": {
      "n": 75,
      "n_query": 0,
      "json_valid": 1.0,
      "strict_ok": 0.9866666666666667,
      "act_acc": 0.6133333333333333,
      "tree_norm": null,
      "shape_acc": null,
      "precision": 0.8157894736842105,
      "recall": 0.8266666666666667,
      "f1": 0.8211920529801323,
      "exact_set": 0.8266666666666667
    }
  },
  "subtotal_query": {
    "n": 2185,
    "n_query": 2185,
    "json_valid": 1.0,
    "strict_ok": 1.0,
    "act_acc": 0.9977116704805492,
    "tree_norm": 0.8096109839816934,
    "shape_acc": 0.9665903890160183,
    "precision": 0.963302752293578,
    "recall": 0.9434276206322796,
    "f1": 0.953261600537996,
    "exact_set": 0.9615560640732266
  },
  "subtotal_nonquery": {
    "n": 202,
    "n_query": 0,
    "json_valid": 1.0,
    "strict_ok": 0.995049504950495,
    "act_acc": 0.8217821782178217,
    "tree_norm": null,
    "shape_acc": null,
    "precision": 0.896551724137931,
    "recall": 0.900990099009901,
    "f1": 0.8987654320987656,
    "exact_set": 0.900990099009901
  },
  "overall_micro": {
    "n": 2387,
    "n_query": 2185,
    "json_valid": 1.0,
    "strict_ok": 0.9995810640971932,
    "act_acc": 0.9828236279849183,
    "tree_norm": 0.8096109839816934,
    "shape_acc": 0.9665903890160183,
    "precision": 0.9589955499046409,
    "recall": 0.9407545993140006,
    "f1": 0.9497875019675744,
    "exact_set": 0.9564306661080855
  },
  "macro_f1": 0.9589618617697436,
  "macro_exact": 0.9625934573013527,
  "act_confusion": {
    "greeting": {
      "greeting": 17
    },
    "ood": {
      "ood": 103,
      "query": 6,
      "vague": 1
    },
    "vague": {
      "vague": 46,
      "query": 26,
      "ood": 1,
      "greeting": 2
    },
    "query": {
      "query": 2180,
      "vague": 5
    }
  }
}