{
  "model_dir": "D:\\dev\\test\\artifacts\\models\\bartpho_tree",
  "num_beams": 4,
  "per_type": {
    "data_leaf": {
      "n": 199,
      "n_query": 199,
      "json_valid": 1.0,
      "strict_ok": 1.0,
      "act_acc": 1.0,
      "tree_norm": 0.7336683417085427,
      "shape_acc": 0.9547738693467337,
      "precision": 0.9547738693467337,
      "recall": 0.9547738693467337,
      "f1": 0.9547738693467337,
      "exact_set": 0.9547738693467337
    },
    "fee_cohort": {
      "n": 30,
      "n_query": 30,
      "json_valid": 1.0,
      "strict_ok": 1.0,
      "act_acc": 1.0,
      "tree_norm": 0.8666666666666667,
      "shape_acc": 1.0,
      "precision": 1.0,
      "recall": 1.0,
      "f1": 1.0,
      "exact_set": 1.0
    },
    "fee_data": {
      "n": 51,
      "n_query": 51,
      "json_valid": 1.0,
      "strict_ok": 1.0,
      "act_acc": 1.0,
      "tree_norm": 0.9215686274509803,
      "shape_acc": 1.0,
      "precision": 0.9803921568627451,
      "recall": 0.9803921568627451,
      "f1": 0.9803921568627451,
      "exact_set": 0.9803921568627451
    },
    "fee_intersect": {
      "n": 22,
      "n_query": 22,
      "json_valid": 1.0,
      "strict_ok": 1.0,
      "act_acc": 1.0,
      "tree_norm": 0.9090909090909091,
      "shape_acc": 0.9545454545454546,
      "precision": 0.875,
      "recall": 0.9545454545454546,
      "f1": 0.9130434782608695,
      "exact_set": 0.9090909090909091
    },
    "fee_major": {
      "n": 108,
      "n_query": 108,
      "json_valid": 1.0,
      "strict_ok": 1.0,
      "act_acc": 1.0,
      "tree_norm": 0.8796296296296297,
      "shape_acc": 0.9722222222222222,
      "precision": 0.9652173913043478,
      "recall": 0.9568965517241379,
      "f1": 0.961038961038961,
      "exact_set": 0.9629629629629629
    },
    "fee_union": {
      "n": 14,
      "n_query": 14,
      "json_valid": 1.0,
      "strict_ok": 1.0,
      "act_acc": 1.0,
      "tree_norm": 0.7142857142857143,
      "shape_acc": 1.0,
      "precision": 1.0,
      "recall": 1.0,
      "f1": 1.0,
      "exact_set": 1.0
    },
    "forward_object": {
      "n": 642,
      "n_query": 642,
      "json_valid": 1.0,
      "strict_ok": 1.0,
      "act_acc": 1.0,
      "tree_norm": 0.7632398753894081,
      "shape_acc": 0.9750778816199377,
      "precision": 0.9690721649484536,
      "recall": 0.912621359223301,
      "f1": 0.94,
      "exact_set": 0.9641744548286605
    },
    "greeting": {
      "n": 16,
      "n_query": 0,
      "json_valid": 1.0,
      "strict_ok": 1.0,
      "act_acc": 1.0,
      "tree_norm": null,
      "shape_acc": null,
      "precision": 1.0,
      "recall": 1.0,
      "f1": 1.0,
      "exact_set": 1.0
    },
    "multi_field": {
      "n": 134,
      "n_query": 134,
      "json_valid": 1.0,
      "strict_ok": 1.0,
      "act_acc": 1.0,
      "tree_norm": 0.7985074626865671,
      "shape_acc": 0.9104477611940298,
      "precision": 0.9971509971509972,
      "recall": 0.9459459459459459,
      "f1": 0.970873786407767,
      "exact_set": 0.9104477611940298
    },
    "multi_hop": {
      "n": 308,
      "n_query": 308,
      "json_valid": 1.0,
      "strict_ok": 1.0,
      "act_acc": 1.0,
      "tree_norm": 0.9090909090909091,
      "shape_acc": 0.987012987012987,
      "precision": 0.987220447284345,
      "recall": 0.987220447284345,
      "f1": 0.987220447284345,
      "exact_set": 0.987012987012987
    },
    "neg_child_miss": {
      "n": 29,
      "n_query": 29,
      "json_valid": 1.0,
      "strict_ok": 1.0,
      "act_acc": 1.0,
      "tree_norm": 0.8620689655172413,
      "shape_acc": 1.0,
      "precision": 1.0,
      "recall": 1.0,
      "f1": 1.0,
      "exact_set": 1.0
    },
    "neg_root_vague": {
      "n": 75,
      "n_query": 75,
      "json_valid": 1.0,
      "strict_ok": 1.0,
      "act_acc": 0.9333333333333333,
      "tree_norm": 0.7466666666666667,
      "shape_acc": 0.8666666666666667,
      "precision": 0.9066666666666666,
      "recall": 0.9066666666666666,
      "f1": 0.9066666666666666,
      "exact_set": 0.9066666666666666
    },
    "ood": {
      "n": 103,
      "n_query": 0,
      "json_valid": 1.0,
      "strict_ok": 1.0,
      "act_acc": 0.9029126213592233,
      "tree_norm": null,
      "shape_acc": null,
      "precision": 0.9029126213592233,
      "recall": 0.9029126213592233,
      "f1": 0.9029126213592235,
      "exact_set": 0.9029126213592233
    },
    "self_desc": {
      "n": 245,
      "n_query": 245,
      "json_valid": 1.0,
      "strict_ok": 1.0,
      "act_acc": 0.9959183673469387,
      "tree_norm": 0.7510204081632653,
      "shape_acc": 0.9673469387755103,
      "precision": 0.9317269076305221,
      "recall": 0.9469387755102041,
      "f1": 0.9392712550607287,
      "exact_set": 0.9469387755102041
    },
    "vague": {
      "n": 68,
      "n_query": 0,
      "json_valid": 1.0,
      "strict_ok": 1.0,
      "act_acc": 0.8382352941176471,
      "tree_norm": null,
      "shape_acc": null,
      "precision": 0.9264705882352942,
      "recall": 0.9264705882352942,
      "f1": 0.9264705882352942,
      "exact_set": 0.9264705882352942
    }
  },
  "subtotal_query": {
    "n": 1857,
    "n_query": 1857,
    "json_valid": 1.0,
    "strict_ok": 1.0,
    "act_acc": 0.9967689822294022,
    "tree_norm": 0.8002154011847065,
    "shape_acc": 0.9660743134087237,
    "precision": 0.9696843853820598,
    "recall": 0.9430533117932148,
    "f1": 0.9561834561834561,
    "exact_set": 0.9596122778675282
  },
  "subtotal_nonquery": {
    "n": 187,
    "n_query": 0,
    "json_valid": 1.0,
    "strict_ok": 1.0,
    "act_acc": 0.8877005347593583,
    "tree_norm": null,
    "shape_acc": null,
    "precision": 0.9197860962566845,
    "recall": 0.9197860962566845,
    "f1": 0.9197860962566845,
    "exact_set": 0.9197860962566845
  },
  "overall_micro": {
    "n": 2044,
    "n_query": 1857,
    "json_valid": 1.0,
    "strict_ok": 1.0,
    "act_acc": 0.9867906066536204,
    "tree_norm": 0.8002154011847065,
    "shape_acc": 0.9660743134087237,
    "precision": 0.9660886319845857,
    "recall": 0.9414194517461509,
    "f1": 0.9535945226321796,
    "exact_set": 0.9559686888454012
  },
  "macro_f1": 0.9588442553682223,
  "macro_exact": 0.9567895835380277,
  "act_confusion": {
    "greeting": {
      "greeting": 16
    },
    "ood": {
      "ood": 93,
      "vague": 4,
      "query": 6
    },
    "vague": {
      "vague": 57,
      "query": 10,
      "greeting": 1
    },
    "query": {
      "query": 1851,
      "vague": 6
    }
  }
}