{
  "model_dir": "/run/media/vpt/FAF432DEF4329D37/dev/test/artifacts/models/bartpho_tree",
  "num_beams": 4,
  "per_type": {
    "filter": {
      "n": 225,
      "n_query": 225,
      "json_valid": 1.0,
      "strict_ok": 1.0,
      "act_acc": 1.0,
      "tree_norm": 0.9022222222222223,
      "shape_acc": 0.9688888888888889,
      "precision": 0.9716981132075472,
      "recall": 0.9716981132075472,
      "f1": 0.9716981132075472,
      "exact_set": 0.96
    },
    "forward": {
      "n": 917,
      "n_query": 917,
      "json_valid": 1.0,
      "strict_ok": 1.0,
      "act_acc": 1.0,
      "tree_norm": 0.7502726281352236,
      "shape_acc": 0.9738276990185387,
      "precision": 0.9757623143080532,
      "recall": 0.9355322338830585,
      "f1": 0.955223880597015,
      "exact_set": 0.9705561613958561
    },
    "greeting": {
      "n": 17,
      "n_query": 0,
      "json_valid": 1.0,
      "strict_ok": 1.0,
      "act_acc": 1.0,
      "tree_norm": null,
      "shape_acc": null,
      "precision": 1.0,
      "recall": 1.0,
      "f1": 1.0,
      "exact_set": 1.0
    },
    "lookup": {
      "n": 447,
      "n_query": 447,
      "json_valid": 1.0,
      "strict_ok": 0.9977628635346756,
      "act_acc": 0.9977628635346756,
      "tree_norm": 0.7874720357941835,
      "shape_acc": 0.9574944071588367,
      "precision": 0.9154013015184381,
      "recall": 0.9440715883668904,
      "f1": 0.9295154185022027,
      "exact_set": 0.9440715883668904
    },
    "multifield": {
      "n": 187,
      "n_query": 187,
      "json_valid": 0.983957219251337,
      "strict_ok": 0.983957219251337,
      "act_acc": 0.983957219251337,
      "tree_norm": 0.7914438502673797,
      "shape_acc": 0.9518716577540107,
      "precision": 0.987603305785124,
      "recall": 0.9715447154471545,
      "f1": 0.9795081967213115,
      "exact_set": 0.9411764705882353
    },
    "multihop": {
      "n": 308,
      "n_query": 308,
      "json_valid": 1.0,
      "strict_ok": 1.0,
      "act_acc": 1.0,
      "tree_norm": 0.9188311688311688,
      "shape_acc": 0.9935064935064936,
      "precision": 0.9936102236421726,
      "recall": 0.9936102236421726,
      "f1": 0.9936102236421726,
      "exact_set": 0.9935064935064936
    },
    "neg_child_miss": {
      "n": 30,
      "n_query": 30,
      "json_valid": 1.0,
      "strict_ok": 1.0,
      "act_acc": 1.0,
      "tree_norm": 0.9,
      "shape_acc": 1.0,
      "precision": 1.0,
      "recall": 1.0,
      "f1": 1.0,
      "exact_set": 1.0
    },
    "neg_root_vague": {
      "n": 71,
      "n_query": 71,
      "json_valid": 1.0,
      "strict_ok": 1.0,
      "act_acc": 0.9436619718309859,
      "tree_norm": 0.8028169014084507,
      "shape_acc": 0.9154929577464789,
      "precision": 0.9295774647887324,
      "recall": 0.9295774647887324,
      "f1": 0.9295774647887324,
      "exact_set": 0.9295774647887324
    },
    "ood": {
      "n": 110,
      "n_query": 0,
      "json_valid": 1.0,
      "strict_ok": 1.0,
      "act_acc": 0.9272727272727272,
      "tree_norm": null,
      "shape_acc": null,
      "precision": 0.9272727272727272,
      "recall": 0.9272727272727272,
      "f1": 0.9272727272727272,
      "exact_set": 0.9272727272727272
    },
    "vague": {
      "n": 75,
      "n_query": 0,
      "json_valid": 1.0,
      "strict_ok": 1.0,
      "act_acc": 0.6933333333333334,
      "tree_norm": null,
      "shape_acc": null,
      "precision": 0.8157894736842105,
      "recall": 0.8266666666666667,
      "f1": 0.8211920529801323,
      "exact_set": 0.8266666666666667
    }
  },
  "subtotal_query": {
    "n": 2185,
    "n_query": 2185,
    "json_valid": 0.9986270022883296,
    "strict_ok": 0.9981693363844394,
    "act_acc": 0.9963386727688787,
    "tree_norm": 0.8045766590389016,
    "shape_acc": 0.9693363844393593,
    "precision": 0.9688768606224628,
    "recall": 0.9530782029950083,
    "f1": 0.960912598557289,
    "exact_set": 0.9638443935926774
  },
  "subtotal_nonquery": {
    "n": 202,
    "n_query": 0,
    "json_valid": 1.0,
    "strict_ok": 1.0,
    "act_acc": 0.8465346534653465,
    "tree_norm": null,
    "shape_acc": null,
    "precision": 0.8916256157635468,
    "recall": 0.8960396039603961,
    "f1": 0.8938271604938273,
    "exact_set": 0.8960396039603961
  },
  "overall_micro": {
    "n": 2387,
    "n_query": 2185,
    "json_valid": 0.9987431922915794,
    "strict_ok": 0.9983242563887725,
    "act_acc": 0.9836614997905321,
    "tree_norm": 0.8045766590389016,
    "shape_acc": 0.9693363844393593,
    "precision": 0.9639126305792972,
    "recall": 0.9494855004677268,
    "f1": 0.9566446748350613,
    "exact_set": 0.9581064097193129
  },
  "macro_f1": 0.9659111665340498,
  "macro_exact": 0.9618621427714951,
  "act_confusion": {
    "greeting": {
      "greeting": 17
    },
    "ood": {
      "ood": 102,
      "greeting": 4,
      "query": 3,
      "vague": 1
    },
    "vague": {
      "vague": 52,
      "query": 21,
      "greeting": 2
    },
    "query": {
      "query": 2177,
      "vague": 8
    }
  }
}