{
  "model_dir": "D:\\dev\\test\\artifacts\\models\\bartpho_tree",
  "num_beams": 4,
  "per_type": {
    "filter": {
      "n": 225,
      "n_query": 225,
      "json_valid": 1.0,
      "strict_ok": 1.0,
      "act_acc": 1.0,
      "tree_norm": 0.8888888888888888,
      "shape_acc": 0.9911111111111112,
      "precision": 0.9874213836477987,
      "recall": 0.9874213836477987,
      "f1": 0.9874213836477987,
      "exact_set": 0.9777777777777777
    },
    "forward": {
      "n": 834,
      "n_query": 834,
      "json_valid": 1.0,
      "strict_ok": 1.0,
      "act_acc": 1.0,
      "tree_norm": 0.7434052757793765,
      "shape_acc": 0.9688249400479616,
      "precision": 0.9659192825112107,
      "recall": 0.9181585677749361,
      "f1": 0.9414335664335665,
      "exact_set": 0.9592326139088729
    },
    "greeting": {
      "n": 17,
      "n_query": 0,
      "json_valid": 1.0,
      "strict_ok": 1.0,
      "act_acc": 1.0,
      "tree_norm": null,
      "shape_acc": null,
      "precision": 1.0,
      "recall": 1.0,
      "f1": 1.0,
      "exact_set": 1.0
    },
    "lookup": {
      "n": 444,
      "n_query": 444,
      "json_valid": 1.0,
      "strict_ok": 1.0,
      "act_acc": 0.9954954954954955,
      "tree_norm": 0.7432432432432432,
      "shape_acc": 0.9662162162162162,
      "precision": 0.9504504504504504,
      "recall": 0.9504504504504504,
      "f1": 0.9504504504504504,
      "exact_set": 0.9504504504504504
    },
    "multifield": {
      "n": 134,
      "n_query": 134,
      "json_valid": 0.9850746268656716,
      "strict_ok": 0.9850746268656716,
      "act_acc": 0.9850746268656716,
      "tree_norm": 0.8283582089552238,
      "shape_acc": 0.917910447761194,
      "precision": 0.9944289693593314,
      "recall": 0.9648648648648649,
      "f1": 0.9794238683127572,
      "exact_set": 0.917910447761194
    },
    "multihop": {
      "n": 308,
      "n_query": 308,
      "json_valid": 1.0,
      "strict_ok": 1.0,
      "act_acc": 1.0,
      "tree_norm": 0.9155844155844156,
      "shape_acc": 0.9967532467532467,
      "precision": 0.9968051118210862,
      "recall": 0.9968051118210862,
      "f1": 0.9968051118210862,
      "exact_set": 0.9967532467532467
    },
    "neg_child_miss": {
      "n": 29,
      "n_query": 29,
      "json_valid": 1.0,
      "strict_ok": 1.0,
      "act_acc": 1.0,
      "tree_norm": 0.8620689655172413,
      "shape_acc": 1.0,
      "precision": 1.0,
      "recall": 1.0,
      "f1": 1.0,
      "exact_set": 1.0
    },
    "neg_root_vague": {
      "n": 75,
      "n_query": 75,
      "json_valid": 0.9866666666666667,
      "strict_ok": 0.9866666666666667,
      "act_acc": 0.9333333333333333,
      "tree_norm": 0.6933333333333334,
      "shape_acc": 0.8133333333333334,
      "precision": 0.7857142857142857,
      "recall": 0.88,
      "f1": 0.830188679245283,
      "exact_set": 0.88
    },
    "ood": {
      "n": 110,
      "n_query": 0,
      "json_valid": 1.0,
      "strict_ok": 1.0,
      "act_acc": 0.9,
      "tree_norm": null,
      "shape_acc": null,
      "precision": 0.9,
      "recall": 0.9,
      "f1": 0.9,
      "exact_set": 0.9
    },
    "vague": {
      "n": 75,
      "n_query": 0,
      "json_valid": 1.0,
      "strict_ok": 1.0,
      "act_acc": 0.7066666666666667,
      "tree_norm": null,
      "shape_acc": null,
      "precision": 0.8133333333333334,
      "recall": 0.8133333333333334,
      "f1": 0.8133333333333334,
      "exact_set": 0.8133333333333334
    }
  },
  "subtotal_query": {
    "n": 2049,
    "n_query": 2049,
    "json_valid": 0.9985358711566618,
    "strict_ok": 0.9985358711566618,
    "act_acc": 0.9956076134699854,
    "tree_norm": 0.7906295754026355,
    "shape_acc": 0.9663250366032211,
    "precision": 0.968069120961683,
    "recall": 0.946730345334313,
    "f1": 0.9572808320950965,
    "exact_set": 0.9599804782820889
  },
  "subtotal_nonquery": {
    "n": 202,
    "n_query": 0,
    "json_valid": 1.0,
    "strict_ok": 1.0,
    "act_acc": 0.8366336633663366,
    "tree_norm": null,
    "shape_acc": null,
    "precision": 0.8762376237623762,
    "recall": 0.8762376237623762,
    "f1": 0.8762376237623762,
    "exact_set": 0.8762376237623762
  },
  "overall_micro": {
    "n": 2251,
    "n_query": 2049,
    "json_valid": 0.9986672589960017,
    "strict_ok": 0.9986672589960017,
    "act_acc": 0.9813416259440249,
    "tree_norm": 0.7906295754026355,
    "shape_acc": 0.9663250366032211,
    "precision": 0.9615921787709497,
    "recall": 0.9418604651162791,
    "f1": 0.9516240497581202,
    "exact_set": 0.9524655708573967
  },
  "macro_f1": 0.9711068761331318,
  "macro_exact": 0.9604249073303084,
  "act_confusion": {
    "greeting": {
      "greeting": 17
    },
    "ood": {
      "ood": 99,
      "vague": 2,
      "query": 9
    },
    "vague": {
      "vague": 53,
      "query": 22
    },
    "query": {
      "query": 2040,
      "vague": 9
    }
  }
}